area_cells,atc_ngmL,date,experiment,mRNA_cell,num_intens_totals,operator,spots_totals
364,10.0,20131101,O3_10ngmL,39,6.572154238193332,O3,48
300,10.0,20131101,O3_10ngmL,15,2.6093324177920203,O3,19
297,10.0,20131101,O3_10ngmL,12,2.052991531242847,O3,16
327,10.0,20131101,O3_10ngmL,27,4.572115663385978,O3,34
282,10.0,20131101,O3_10ngmL,9,1.631610589761196,O3,12
290,10.0,20131101,O3_10ngmL,19,3.2467170214389256,O3,25
368,10.0,20131101,O3_10ngmL,4,0.8346632486457616,O3,6
390,10.0,20131101,O3_10ngmL,25,4.208511482413977,O3,30
336,10.0,20131101,O3_10ngmL,12,2.159728389410239,O3,16
277,10.0,20131101,O3_10ngmL,9,1.5231981689173724,O3,11
376,10.0,20131101,O3_10ngmL,15,2.5350423437857628,O3,19
361,10.0,20131101,O3_10ngmL,27,4.544148928053712,O3,34
373,10.0,20131101,O3_10ngmL,21,3.5484489204242013,O3,26
334,10.0,20131101,O3_10ngmL,5,0.9789242389562828,O3,8
294,10.0,20131101,O3_10ngmL,8,1.4750732890821694,O3,11
346,10.0,20131101,O3_10ngmL,9,1.6485755703059437,O3,12
286,10.0,20131101,O3_10ngmL,31,5.203759090562291,O3,38
360,10.0,20131101,O3_10ngmL,41,6.9876585030899525,O3,51
287,10.0,20131101,O3_10ngmL,13,2.2836865796902406,O3,17
338,10.0,20131101,O3_10ngmL,3,0.6575895017929348,O3,5
317,10.0,20131101,O3_10ngmL,13,2.1935545891508355,O3,17
411,10.0,20131101,O3_10ngmL,6,1.1149584191653314,O3,8
307,10.0,20131101,O3_10ngmL,1,0.2178591592278935,O3,2
317,10.0,20131101,O3_10ngmL,9,1.5579430838483252,O3,12
350,10.0,20131101,O3_10ngmL,21,3.658782757305256,O3,27
341,10.0,20131101,O3_10ngmL,24,4.037379354543374,O3,30
359,10.0,20131101,O3_10ngmL,11,1.9662825665674823,O3,14
282,10.0,20131101,O3_10ngmL,0,0.0959822995345998,O3,1
364,10.0,20131101,O3_10ngmL,18,3.1711543450064847,O3,24
337,10.0,20131101,O3_10ngmL,0,0.1633844510566872,O3,2
308,10.0,20131101,O3_10ngmL,18,3.049250019073777,O3,22
361,10.0,20131101,O3_10ngmL,18,3.159127183947509,O3,23
312,10.0,20131101,O3_10ngmL,28,4.759149279011212,O3,36
302,10.0,20131101,O3_10ngmL,18,3.032794079499504,O3,23
343,10.0,20131101,O3_10ngmL,14,2.363703791866941,O3,17
279,10.0,20131101,O3_10ngmL,22,3.690672159914549,O3,27
326,10.0,20131101,O3_10ngmL,25,4.2592782482642875,O3,32
368,10.0,20131101,O3_10ngmL,33,5.660129091325246,O3,43
379,10.0,20131101,O3_10ngmL,14,2.475788509956512,O3,18
361,10.0,20131101,O3_10ngmL,24,4.142247653925383,O3,29
315,10.0,20131101,O3_10ngmL,12,2.1136888685435262,O3,16
311,10.0,20131101,O3_10ngmL,26,4.388715648126954,O3,33
320,10.0,20131101,O3_10ngmL,10,1.6783062485694669,O3,12
296,10.0,20131101,O3_10ngmL,11,1.9400747692072944,O3,15
336,10.0,20131101,O3_10ngmL,16,2.699485770962081,O3,19
342,10.0,20131101,O3_10ngmL,6,1.1321248187991153,O3,8
319,10.0,20131101,O3_10ngmL,13,2.2296879530022125,O3,17
313,10.0,20131101,O3_10ngmL,27,4.553894682230867,O3,34
283,10.0,20131101,O3_10ngmL,5,0.8643106736858167,O3,6
305,10.0,20131101,O3_10ngmL,8,1.4942763408865491,O3,11
349,10.0,20131101,O3_10ngmL,9,1.6285862516212712,O3,12
342,10.0,20131101,O3_10ngmL,6,1.108668650339513,O3,8
328,10.0,20131101,O3_10ngmL,6,1.1308247501335162,O3,8
354,10.0,20131101,O3_10ngmL,20,3.44599557488365,O3,25
302,10.0,20131101,O3_10ngmL,9,1.5423483634699018,O3,12
311,10.0,20131101,O3_10ngmL,19,3.2216875867856865,O3,24
335,10.0,20131101,O3_10ngmL,18,3.0377538719768062,O3,23
269,10.0,20131101,O3_10ngmL,14,2.4618234531166547,O3,18
293,10.0,20131101,O3_10ngmL,9,1.5918760967421983,O3,11
310,10.0,20131101,O3_10ngmL,14,2.376433966582742,O3,18
254,10.0,20131101,O3_10ngmL,1,0.3301503013656825,O3,2
369,10.0,20131101,O3_10ngmL,40,6.839655146105133,O3,50
289,10.0,20131101,O3_10ngmL,19,3.274293125810636,O3,24
276,10.0,20131101,O3_10ngmL,24,4.127514030670634,O3,30
395,10.0,20131101,O3_10ngmL,14,2.4729395895323107,O3,18
329,10.0,20131101,O3_10ngmL,6,1.0072217898832685,O3,8
400,10.0,20131101,O3_10ngmL,15,2.5422444800488275,O3,19
397,10.0,20131101,O3_10ngmL,24,4.1865232318608365,O3,32
322,10.0,20131101,O3_10ngmL,27,4.586365392538338,O3,35
325,10.0,20131101,O3_10ngmL,13,2.196296940566109,O3,16
351,10.0,20131101,O3_10ngmL,20,3.515581963836118,O3,26
354,10.0,20131101,O3_10ngmL,19,3.1915993591210814,O3,24
273,10.0,20131101,O3_10ngmL,15,2.525908293278401,O3,18
300,10.0,20131101,O3_10ngmL,7,1.31039291981384,O3,9
359,10.0,20131101,O3_10ngmL,50,8.52313810940718,O3,63
304,10.0,20131101,O3_10ngmL,3,0.6693898527504384,O3,4
361,10.0,20131101,O3_10ngmL,33,5.632104982070649,O3,42
288,10.0,20131101,O3_10ngmL,7,1.1912809948882273,O3,9
269,10.0,20131101,O3_10ngmL,8,1.3998901350423436,O3,11
332,10.0,20131101,O3_10ngmL,14,2.3511475700007627,O3,17
324,10.0,20131101,O3_10ngmL,18,3.0673777370870523,O3,23
309,10.0,20131101,O3_10ngmL,7,1.2870973983367662,O3,9
372,10.0,20131101,O3_10ngmL,2,0.3727656977187761,O3,3
308,10.0,20131101,O3_10ngmL,1,0.23853635461966885,O3,1
364,10.0,20131101,O3_10ngmL,56,9.393978789959565,O3,70
356,10.0,20131101,O3_10ngmL,14,2.403204394598306,O3,17
371,10.0,20131101,O3_10ngmL,15,2.545464255741207,O3,18
247,10.0,20131101,O3_10ngmL,10,1.7128313115129317,O3,13
309,10.0,20131101,O3_10ngmL,26,4.4580941481651015,O3,34
336,10.0,20131101,O3_10ngmL,37,6.3664789806973365,O3,47
369,10.0,20131101,O3_10ngmL,44,7.455518425268941,O3,56
356,10.0,20131101,O3_10ngmL,21,3.676993972686351,O3,28
370,10.0,20131101,O3_10ngmL,20,3.3801467917906454,O3,25
373,10.0,20131101,O3_10ngmL,37,6.234238193331808,O3,46
259,10.0,20131101,O3_10ngmL,12,2.0561165789272917,O3,15
380,10.0,20131101,O3_10ngmL,28,4.742644388494698,O3,37
285,10.0,20131101,O3_10ngmL,23,3.858179598687724,O3,29
350,10.0,20131101,O3_10ngmL,14,2.3545830472266718,O3,17
330,10.0,20131101,O3_10ngmL,25,4.3425497825589385,O3,32
331,10.0,20131101,O3_10ngmL,5,1.0010467689021132,O3,7
346,10.0,20131101,O3_10ngmL,14,2.4401831082627603,O3,18
345,10.0,20131101,O3_10ngmL,15,2.606494239719234,O3,19
408,10.0,20131101,O3_10ngmL,7,1.3247089341573206,O3,10
411,10.0,20131101,O3_10ngmL,11,1.9402304112306403,O3,15
359,10.0,20131101,O3_10ngmL,10,1.825534447241932,O3,13
371,10.0,20131101,O3_10ngmL,6,1.0403143358510718,O3,8
243,10.0,20131101,O3_10ngmL,9,1.5588859693293655,O3,11
338,10.0,20131101,O3_10ngmL,12,2.040413946746013,O3,15
331,10.0,20131101,O3_10ngmL,8,1.4660499580376896,O3,11
273,10.0,20131101,O3_10ngmL,3,0.5823392080567634,O3,4
407,10.0,20131101,O3_10ngmL,13,2.211072922865643,O3,16
328,10.0,20131101,O3_10ngmL,17,2.9707118333714813,O3,22
372,10.0,20131101,O3_10ngmL,26,4.437625696192875,O3,33
404,10.0,20131101,O3_10ngmL,21,3.529463035019455,O3,27
342,10.0,20131101,O3_10ngmL,31,5.35198986800946,O3,39
275,10.0,20131101,O3_10ngmL,5,0.857566186007477,O3,6
339,10.0,20131101,O3_10ngmL,16,2.7067032883192192,O3,21
313,10.0,20131101,O3_10ngmL,12,2.1008743419546807,O3,16
257,10.0,20131101,O3_10ngmL,3,0.5680231937132829,O3,5
336,10.0,20131101,O3_10ngmL,36,6.103903685053785,O3,45
357,10.0,20131101,O3_10ngmL,35,5.9025833524071105,O3,44
439,10.0,20131101,O3_10ngmL,29,4.950685893034256,O3,37
300,10.0,20131101,O3_10ngmL,2,0.4885877775234607,O3,3
247,10.0,20131101,O3_10ngmL,2,0.4962142366674295,O3,3
308,10.0,20131101,O3_10ngmL,48,8.172360784313728,O3,60
392,10.0,20131101,O3_10ngmL,17,2.9981514610513456,O3,22
322,10.0,20131101,O3_10ngmL,22,3.792486457618067,O3,28
361,10.0,20131101,O3_10ngmL,29,5.023712520027466,O3,37
342,10.0,20131101,O3_10ngmL,7,1.3174578469520102,O3,9
349,10.0,20131101,O3_10ngmL,37,6.2611581597619566,O3,46
327,10.0,20131101,O3_10ngmL,11,1.993865873197528,O3,15
346,10.0,20131101,O3_10ngmL,25,4.258382970931562,O3,32
348,10.0,20131101,O3_10ngmL,22,3.857025894560159,O3,29
298,10.0,20131101,O3_10ngmL,21,3.6361333638513766,O3,27
317,10.0,20131101,O3_10ngmL,24,4.068476386663615,O3,30
267,10.0,20131101,O3_10ngmL,19,3.2241641870756084,O3,24
361,10.0,20131101,O3_10ngmL,33,5.667530327306018,O3,44
304,10.0,20131101,O3_10ngmL,8,1.3542931258106354,O3,9
414,10.0,20131101,O3_10ngmL,18,3.059997375448233,O3,24
337,10.0,20131101,O3_10ngmL,12,2.134013885709926,O3,16
338,10.0,20131101,O3_10ngmL,17,2.981655603875792,O3,23
300,10.0,20131101,O3_10ngmL,8,1.3758947737850002,O3,10
283,10.0,20131101,O3_10ngmL,10,1.7794979781795988,O3,13
335,10.0,20131101,O3_10ngmL,13,2.214151216906997,O3,16
332,10.0,20131101,O3_10ngmL,16,2.8302400854505225,O3,21
356,10.0,20131101,O3_10ngmL,11,1.9082444495307849,O3,15
389,10.0,20131101,O3_10ngmL,17,2.8516669260700387,O3,22
341,10.0,20131101,O3_10ngmL,23,3.907461966887922,O3,29
354,10.0,20131101,O3_10ngmL,25,4.2950158541237515,O3,32
319,10.0,20131101,O3_10ngmL,12,2.152217898832685,O3,16
370,10.0,20131101,O3_10ngmL,29,4.926970321202411,O3,37
328,10.0,20131101,O3_10ngmL,12,2.1111395132372013,O3,15
350,10.0,20131101,O3_10ngmL,23,3.901048294804303,O3,29
331,10.0,20131101,O3_10ngmL,9,1.623363515678645,O3,12
384,10.0,20131101,O3_10ngmL,26,4.452252994583047,O3,32
345,10.0,20131101,O3_10ngmL,47,8.039566643778134,O3,60
396,10.0,20131101,O3_10ngmL,21,3.537981231403067,O3,26
415,10.0,20131101,O3_10ngmL,9,1.5284962233920805,O3,10
341,10.0,20131101,O3_10ngmL,8,1.3615472648203242,O3,10
395,10.0,20131101,O3_10ngmL,15,2.562471961547265,O3,19
339,10.0,20131101,O3_10ngmL,12,2.082841229877165,O3,16
332,10.0,20131101,O3_10ngmL,20,3.4739781795986877,O3,26
410,10.0,20131101,O3_10ngmL,9,1.599893186846722,O3,13
305,10.0,20131101,O3_10ngmL,44,7.464397100785841,O3,56
359,10.0,20131101,O3_10ngmL,11,1.9464255741206988,O3,15
360,10.0,20131101,O3_10ngmL,7,1.239758907454032,O3,9
307,10.0,20131101,O3_10ngmL,23,3.875974059662775,O3,28
323,10.0,20131101,O3_10ngmL,38,6.457907866025788,O3,48
355,10.0,20131101,O3_10ngmL,35,5.9780300602731336,O3,44
336,10.0,20131101,O3_10ngmL,10,1.7985168230716406,O3,12
340,10.0,20131101,O3_10ngmL,12,2.172085145342183,O3,16
284,10.0,20131101,O3_10ngmL,1,0.29455405508506904,O3,3
309,10.0,20131101,O3_10ngmL,27,4.658144441901274,O3,35
313,10.0,20131101,O3_10ngmL,23,3.8938582436865787,O3,28
280,10.0,20131101,O3_10ngmL,6,1.10193942168307,O3,8
295,10.0,20131101,O3_10ngmL,25,4.3352712291142135,O3,31
349,10.0,20131101,O3_10ngmL,15,2.624463263904784,O3,19
468,10.0,20131101,O3_10ngmL,32,5.49949309529259,O3,41
323,10.0,20131101,O3_10ngmL,7,1.1757167925535972,O3,9
327,10.0,20131101,O3_10ngmL,22,3.8095460440985733,O3,29
371,10.0,20131101,O3_10ngmL,8,1.4593881132219424,O3,11
334,10.0,20131101,O3_10ngmL,21,3.5471244373235664,O3,26
342,10.0,20131101,O3_10ngmL,26,4.418272495613032,O3,32
278,10.0,20131101,O3_10ngmL,7,1.1832852674143588,O3,9
383,10.0,20131101,O3_10ngmL,10,1.8402258335240709,O3,13
364,10.0,20131101,O3_10ngmL,24,4.090480750743876,O3,30
348,10.0,20131101,O3_10ngmL,22,3.72101625085832,O3,28
354,10.0,20131101,O3_10ngmL,40,6.800650034332797,O3,50
322,10.0,20131101,O3_10ngmL,24,4.110441504539558,O3,31
316,10.0,20131101,O3_10ngmL,16,2.8170005035477215,O3,21
254,10.0,20131101,O3_10ngmL,6,1.0921553368429082,O3,9
378,10.0,20131101,O3_10ngmL,45,7.559215686274509,O3,56
293,10.0,20131101,O3_10ngmL,4,0.79554119172961,O3,7
283,10.0,20131101,O3_10ngmL,21,3.5994018463416504,O3,27
369,10.0,20131101,O3_10ngmL,17,2.910276951247425,O3,22
333,10.0,20131101,O3_10ngmL,12,2.1462699320973524,O3,17
400,10.0,20131101,O3_10ngmL,16,2.807024032959487,O3,21
292,10.0,20131101,O3_10ngmL,26,4.376299687190051,O3,32
367,10.0,20131101,O3_10ngmL,17,2.9051629816128792,O3,21
346,10.0,20131101,O3_10ngmL,17,2.9863171740291454,O3,22
332,10.0,20131101,O3_10ngmL,12,2.116743480582894,O3,16
359,10.0,20131101,O3_10ngmL,5,0.8974227512016479,O3,6
311,10.0,20131101,O3_10ngmL,2,0.4645395590142671,O3,4
323,10.0,20131101,O3_10ngmL,3,0.5451224536507211,O3,4
329,10.0,20131101,O3_10ngmL,12,2.164440375371939,O3,16
384,10.0,20131101,O3_10ngmL,24,4.0358792095826646,O3,30
411,10.0,20131101,O3_10ngmL,21,3.530003814755473,O3,26
358,10.0,20131101,O3_10ngmL,22,3.741044144350348,O3,27
368,10.0,20131101,O3_10ngmL,23,3.993184100099184,O3,29
348,10.0,20131101,O3_10ngmL,7,1.3156603341725794,O3,9
335,10.0,20131101,O3_10ngmL,22,3.832783459220264,O3,28
271,10.0,20131101,O3_10ngmL,5,0.9265796902418552,O3,7
331,10.0,20131101,O3_10ngmL,27,4.687983276112001,O3,35
393,10.0,20131101,O3_10ngmL,12,2.1033441062027918,O3,17
337,10.0,20131101,O3_10ngmL,21,3.67459220263981,O3,27
398,10.0,20131101,O3_10ngmL,8,1.3530449378194862,O3,9
323,10.0,20131101,O3_10ngmL,14,2.3777615014877544,O3,18
341,10.0,20131101,O3_10ngmL,12,2.1547417410543983,O3,15
313,10.0,20131101,O3_10ngmL,16,2.718834210727092,O3,20
252,10.0,20131101,O3_10ngmL,4,0.7506584267948424,O3,6
392,10.0,20131101,O3_10ngmL,26,4.431166369115742,O3,32
317,10.0,20131101,O3_10ngmL,33,5.536507209887844,O3,42
274,10.0,20131101,O3_10ngmL,5,0.9884682078278784,O3,7
367,10.0,20131101,O3_10ngmL,17,2.8564461738002587,O3,21
326,10.0,20131101,O3_10ngmL,12,2.083524834058137,O3,15
336,10.0,20131101,O3_10ngmL,29,4.891027389944304,O3,36
334,10.0,20131101,O3_10ngmL,9,1.5588077210650797,O3,12
317,10.0,20131101,O3_10ngmL,33,5.66628213931487,O3,41
354,10.0,20131101,O3_10ngmL,15,2.5305531395437555,O3,18
318,10.0,20131101,O3_10ngmL,7,1.2754345006485084,O3,10
318,10.0,20131101,O3_10ngmL,14,2.4810925459678037,O3,18
372,10.0,20131101,O3_10ngmL,37,6.2902682230868985,O3,47
356,10.0,20131101,O3_10ngmL,16,2.7233691920347898,O3,21
398,10.0,20131101,O3_10ngmL,20,3.4155916685740437,O3,25
329,10.0,20131101,O3_10ngmL,11,1.94845551232166,O3,14
327,10.0,20131101,O3_10ngmL,11,1.9590691996643013,O3,15
360,10.0,20131101,O3_10ngmL,30,5.164568551155872,O3,38
293,10.0,20131101,O3_10ngmL,6,1.1280628671702142,O3,9
360,10.0,20131101,O3_10ngmL,15,2.6449805447470816,O3,20
290,10.0,20131101,O3_10ngmL,6,1.1280429694056608,O3,8
354,10.0,20131101,O3_10ngmL,12,2.0630289158464943,O3,16
342,10.0,20131101,O3_10ngmL,7,1.2050415808346684,O3,9
361,10.0,20131101,O3_10ngmL,19,3.3486503395132368,O3,25
349,10.0,20131101,O3_10ngmL,15,2.521104753185321,O3,20
389,10.0,20131101,O3_10ngmL,17,3.0129976348516063,O3,21
389,10.0,20131101,O3_10ngmL,38,6.449144060425726,O3,48
279,10.0,20131101,O3_10ngmL,18,3.0368566414892806,O3,22
380,10.0,20131101,O3_10ngmL,8,1.380764232852674,O3,11
335,10.0,20131101,O3_10ngmL,26,4.514999435416191,O3,34
354,10.0,20131101,O3_10ngmL,31,5.268083558403906,O3,39
316,10.0,20131101,O3_10ngmL,20,3.3884489204242003,O3,25
318,10.0,20131101,O3_10ngmL,12,2.1120988784618904,O3,16
268,10.0,20131101,O3_10ngmL,4,0.8308293278400856,O3,6
317,10.0,20131101,O3_10ngmL,35,5.935393301289388,O3,45
352,10.0,20131101,O3_10ngmL,22,3.848996597238117,O3,28
327,10.0,20131101,O3_10ngmL,10,1.7201434348058289,O3,13
348,10.0,20131101,O3_10ngmL,8,1.3534721904325933,O3,10
332,10.0,20131101,O3_10ngmL,9,1.5380834058136872,O3,11
340,10.0,20131101,O3_10ngmL,30,5.081129167620356,O3,37
274,10.0,20131101,O3_10ngmL,16,2.7885984588387887,O3,20
303,10.0,20131101,O3_10ngmL,13,2.283051804379338,O3,16
347,10.0,20131101,O3_10ngmL,15,2.623492790112154,O3,20
412,10.0,20131101,O3_10ngmL,18,3.1038773174639505,O3,23
418,10.0,20131101,O3_10ngmL,57,9.63108567940795,O3,71
378,10.0,20131101,O3_10ngmL,43,7.339691462577246,O3,54
392,10.0,20131101,O3_10ngmL,25,4.274479285877773,O3,32
321,10.0,20131101,O3_10ngmL,10,1.8394315098802163,O3,13
274,10.0,20131101,O3_10ngmL,14,2.4923368581673913,O3,18
439,10.0,20131101,O3_10ngmL,27,4.624698252841992,O3,34
299,10.0,20131101,O3_10ngmL,9,1.6549996185244529,O3,13
329,10.0,20131101,O3_10ngmL,28,4.732812329289692,O3,35
364,10.0,20131101,O3_10ngmL,14,2.4535683222705424,O3,18
320,10.0,20131101,O3_10ngmL,6,1.1719966430151822,O3,8
340,10.0,20131101,O3_10ngmL,21,3.647421988250553,O3,27
325,10.0,20131101,O3_10ngmL,19,3.295014877546349,O3,24
356,10.0,20131101,O3_10ngmL,20,3.4047403067063406,O3,25
330,10.0,20131101,O3_10ngmL,19,3.348632028686961,O3,25
312,10.0,20131101,O3_10ngmL,13,2.20509187457084,O3,16
378,10.0,20131101,O3_10ngmL,23,3.967953002212559,O3,30
318,10.0,20131101,O3_10ngmL,27,4.600338506141757,O3,34
289,10.0,20131101,O3_10ngmL,9,1.6576882581826506,O3,13
311,10.0,20131101,O3_10ngmL,10,1.83575188830396,O3,13
318,10.0,20131101,O3_10ngmL,28,4.7081101701380925,O3,35
303,10.0,20131101,O3_10ngmL,21,3.5756989700160218,O3,26
336,10.0,20131101,O3_10ngmL,15,2.6239108873121233,O3,18
277,10.0,20131101,O3_10ngmL,7,1.3298146028839557,O3,9
289,10.0,20131101,O3_10ngmL,17,2.899238574807355,O3,22
412,10.0,20131101,O3_10ngmL,52,8.74216830701152,O3,64
325,10.0,20131101,O3_10ngmL,0,0.15420767528801405,O3,0
310,10.0,20131101,O3_10ngmL,13,2.3081681544213017,O3,17
331,10.0,20131101,O3_10ngmL,24,4.0847028305485615,O3,30
264,10.0,20131101,O3_10ngmL,12,2.0428259708552683,O3,15
355,10.0,20131101,O3_10ngmL,13,2.262464332036316,O3,17
375,10.0,20131101,O3_10ngmL,16,2.746623941405356,O3,20
271,10.0,20131101,O3_10ngmL,5,0.8790173189898529,O3,6
293,10.0,20131101,O3_10ngmL,22,3.6999384145876246,O3,27
327,10.0,20131101,O3_10ngmL,8,1.43950804913405,O3,11
405,10.0,20131101,O3_10ngmL,26,4.371719905394064,O3,32
429,10.0,20131101,O3_10ngmL,33,5.626376134889751,O3,41
331,10.0,20131101,O3_10ngmL,15,2.5551659418631263,O3,20
404,10.0,20131101,O3_10ngmL,22,3.801176897840848,O3,28
374,10.0,20131101,O3_10ngmL,11,2.01145342183566,O3,15
369,10.0,20131101,O3_10ngmL,5,0.940636301213092,O3,7
350,10.0,20131101,O3_10ngmL,26,4.403990295262073,O3,33
294,10.0,20131101,O3_10ngmL,18,3.158179049362936,O3,23
416,10.0,20131101,O3_10ngmL,12,2.043222705424582,O3,15
345,10.0,20131101,O3_10ngmL,16,2.8363645685511534,O3,21
399,10.0,20131101,O3_10ngmL,27,4.530318150606546,O3,33
285,10.0,20131101,O3_10ngmL,23,3.943508049134051,O3,28
325,10.0,20131101,O3_10ngmL,1,0.3104417486839094,O3,2
322,10.0,20131101,O3_10ngmL,27,4.529909086747539,O3,33
324,10.0,20131101,O3_10ngmL,28,4.737331074998092,O3,36
400,10.0,20131101,O3_10ngmL,36,6.201660181582361,O3,46
389,10.0,20131101,O3_10ngmL,28,4.709956511787595,O3,35
376,10.0,20131101,O3_10ngmL,13,2.1961801174944693,O3,17
362,10.0,20131101,O3_10ngmL,31,5.217298115510794,O3,39
330,10.0,20131101,O3_10ngmL,35,6.013305867093919,O3,45
395,10.0,20131101,O3_10ngmL,0,-0.003231860837720293,O3,0
317,10.0,20131101,O3_10ngmL,16,2.7379995422293435,O3,19
270,10.0,20131101,O3_10ngmL,10,1.7814419775692376,O3,13
351,10.0,20131101,O3_10ngmL,9,1.6339055466544592,O3,12
347,10.0,20131101,O3_10ngmL,30,5.0970371252002735,O3,37
318,10.0,20131101,O3_10ngmL,17,2.963497245746547,O3,22
316,10.0,20131101,O3_10ngmL,35,5.897407492179752,O3,43
346,10.0,20131101,O3_10ngmL,20,3.4601968413824666,O3,26
249,10.0,20131101,O3_10ngmL,15,2.59179259937438,O3,19
312,10.0,20131101,O3_10ngmL,18,3.0435767147325863,O3,23
282,10.0,20131101,O3_10ngmL,12,2.050768719005112,O3,15
363,10.0,20131101,O3_10ngmL,44,7.533402914473179,O3,56
374,10.0,20131101,O3_10ngmL,37,6.269718471046008,O3,46
286,10.0,20131101,O3_10ngmL,16,2.7931456473640033,O3,21
312,10.0,20131101,O3_10ngmL,18,3.1638208590829326,O3,23
329,10.0,20131101,O3_10ngmL,23,3.8868818188754095,O3,30
310,10.0,20131101,O3_10ngmL,6,1.0242191195544366,O3,8
303,10.0,20131101,O3_10ngmL,9,1.550411230640116,O3,10
313,10.0,20131101,O3_10ngmL,24,4.099195849546044,O3,31
318,10.0,20131101,O3_10ngmL,11,1.9711268787670708,O3,14
375,10.0,20131101,O3_10ngmL,15,2.6047760738536656,O3,20
296,10.0,20131101,O3_10ngmL,12,2.1602197299153127,O3,16
338,10.0,20131101,O3_10ngmL,23,4.017300679026474,O3,31
343,10.0,20131101,O3_10ngmL,26,4.450287632562753,O3,33
376,10.0,20131101,O3_10ngmL,10,1.8272037842374305,O3,13
322,10.0,20131101,O3_10ngmL,26,4.4642296177615,O3,34
446,10.0,20131101,O3_10ngmL,1,0.18779424734874492,O3,2
317,10.0,20131101,O3_10ngmL,11,1.8661295490959025,O3,14
367,10.0,20131101,O3_10ngmL,28,4.761239032578012,O3,36
335,10.0,20131101,O3_10ngmL,21,3.661414511329824,O3,26
310,10.0,20131101,O3_10ngmL,13,2.2822018158236053,O3,17
367,10.0,20131101,O3_10ngmL,18,3.036740672922865,O3,23
347,10.0,20131101,O3_10ngmL,12,2.1194423743038064,O3,15
289,10.0,20131101,O3_10ngmL,18,3.094322117952239,O3,23
305,10.0,20131101,O3_10ngmL,24,4.182510109102006,O3,31
313,10.0,20131101,O3_10ngmL,17,2.9515111009384287,O3,22
341,10.0,20131101,O3_10ngmL,19,3.1965056839856567,O3,25
268,10.0,20131101,O3_10ngmL,10,1.7260761425192637,O3,13
256,10.0,20131101,O3_10ngmL,14,2.5029998626688017,O3,18
353,10.0,20131101,O3_10ngmL,14,2.466851728084229,O3,19
283,10.0,20131101,O3_10ngmL,26,4.446047089341573,O3,32
396,10.0,20131101,O3_10ngmL,12,2.0393079728389405,O3,15
385,10.0,20131101,O3_10ngmL,22,3.775475700007629,O3,28
364,10.0,20131101,O3_10ngmL,18,3.0293196612497137,O3,22
312,10.0,20131101,O3_10ngmL,15,2.6787894102388035,O3,19
301,10.0,20131101,O3_10ngmL,22,3.822565041580834,O3,28
349,10.0,20131101,O3_10ngmL,14,2.4435797665369647,O3,18
333,10.0,20131101,O3_10ngmL,23,4.001840238040741,O3,29
287,10.0,20131101,O3_10ngmL,19,3.3301228351262693,O3,24
350,10.0,20131101,O3_10ngmL,13,2.253944182497901,O3,17
262,10.0,20131101,O3_10ngmL,4,0.8048554207675289,O3,6
357,10.0,20131101,O3_10ngmL,35,6.018341344319827,O3,44
331,10.0,20131101,O3_10ngmL,17,2.9233478294041344,O3,22
370,10.0,20131101,O3_10ngmL,14,2.4434829633020514,O3,18
353,10.0,20131101,O3_10ngmL,21,3.5912055542839694,O3,27
430,10.0,20131101,O3_10ngmL,21,3.5788131532768737,O3,26
325,10.0,20131101,O3_10ngmL,22,3.717634851606012,O3,27
294,10.0,20131101,O3_10ngmL,5,0.9154589150835432,O3,7
346,10.0,20131101,O3_10ngmL,16,2.6866834515907527,O3,20
395,10.0,20131101,O3_10ngmL,9,1.551934081025406,O3,12
295,10.0,20131101,O3_10ngmL,11,1.9534416723888002,O3,14
269,10.0,20131101,O3_10ngmL,23,3.98738689250019,O3,30
391,10.0,20131101,O3_10ngmL,7,1.2830929427023732,O3,10
383,10.0,20131101,O3_10ngmL,30,5.116136415655758,O3,38
375,10.0,20131101,O3_10ngmL,43,7.305394064240482,O3,54
277,10.0,20131101,O3_10ngmL,6,1.13066910811017,O3,8
315,10.0,20131101,O3_10ngmL,17,3.0129695582513163,O3,22
311,10.0,20131101,O3_10ngmL,24,4.029495689326314,O3,29
260,10.0,20131101,O3_10ngmL,5,0.9978453040360108,O3,8
317,10.0,20131101,O3_10ngmL,19,3.2888349736781874,O3,24
353,10.0,20131101,O3_10ngmL,38,6.473594262607768,O3,48
313,10.0,20131101,O3_10ngmL,19,3.2725255207141206,O3,24
310,10.0,20131101,O3_10ngmL,15,2.6018127718013275,O3,19
340,10.0,20131101,O3_10ngmL,11,1.988918898298619,O3,15
375,10.0,20131101,O3_10ngmL,15,2.659143968871595,O3,19
314,10.0,20131101,O3_10ngmL,18,3.0557045853360805,O3,23
380,10.0,20131101,O3_10ngmL,18,3.08380547798886,O3,23
401,10.0,20131101,O3_10ngmL,26,4.434650186923019,O3,33
404,10.0,20131101,O3_10ngmL,16,2.7412075989929043,O3,20
344,10.0,20131101,O3_10ngmL,16,2.848401617456321,O3,20
399,10.0,20131101,O3_10ngmL,28,4.823190661478598,O3,36
369,10.0,20131101,O3_10ngmL,14,2.4071869993133443,O3,17
280,10.0,20131101,O3_10ngmL,6,1.083363088426032,O3,8
362,10.0,20131101,O3_10ngmL,8,1.3663691157396811,O3,11
368,10.0,20131101,O3_10ngmL,14,2.3504936293583576,O3,17
398,10.0,20140110,O3_10ngmL,12,2.1362280460822456,O3,16
323,10.0,20140110,O3_10ngmL,18,3.023034634927902,O3,23
288,10.0,20140110,O3_10ngmL,3,0.593049057755398,O3,5
330,10.0,20140110,O3_10ngmL,0,0.13046822308690015,O3,1
282,10.0,20140110,O3_10ngmL,4,0.7639384298466468,O3,6
273,10.0,20140110,O3_10ngmL,4,0.7319178301670864,O3,5
360,10.0,20140110,O3_10ngmL,13,2.210024261844816,O3,16
414,10.0,20140110,O3_10ngmL,60,10.148294688334477,O3,75
357,10.0,20140110,O3_10ngmL,25,4.231359960326543,O3,31
348,10.0,20140110,O3_10ngmL,18,3.1099098191805905,O3,22
336,10.0,20140110,O3_10ngmL,5,0.9563735408560309,O3,7
362,10.0,20140110,O3_10ngmL,1,0.3090903334096283,O3,2
411,10.0,20140110,O3_10ngmL,35,5.912761812771803,O3,43
356,10.0,20140110,O3_10ngmL,12,2.0611015945677877,O3,16
406,10.0,20140110,O3_10ngmL,9,1.6651017868314637,O3,13
272,10.0,20140110,O3_10ngmL,8,1.4609858091096362,O3,11
419,10.0,20140110,O3_10ngmL,13,2.3159256458381017,O3,18
345,10.0,20140110,O3_10ngmL,16,2.710325398641947,O3,20
351,10.0,20140110,O3_10ngmL,28,4.8569610131990535,O3,36
334,10.0,20140110,O3_10ngmL,24,4.1623179156176064,O3,31
277,10.0,20140110,O3_10ngmL,6,1.0247725642786294,O3,7
236,10.0,20140110,O3_10ngmL,3,0.5961618982223239,O3,4
334,10.0,20140110,O3_10ngmL,24,4.185312733653773,O3,31
414,10.0,20140110,O3_10ngmL,49,8.373252704661631,O3,62
367,10.0,20140110,O3_10ngmL,21,3.6388332951857785,O3,27
334,10.0,20140110,O3_10ngmL,11,1.9975118638895248,O3,14
418,10.0,20140110,O3_10ngmL,18,3.0816842145418475,O3,23
303,10.0,20140110,O3_10ngmL,19,3.215407110704203,O3,24
340,10.0,20140110,O3_10ngmL,8,1.357743266956588,O3,10
362,10.0,20140110,O3_10ngmL,10,1.6899169146257724,O3,12
374,10.0,20140110,O3_10ngmL,20,3.4338295933470664,O3,25
387,10.0,20140110,O3_10ngmL,12,2.1440900282291904,O3,16
376,10.0,20140110,O3_10ngmL,24,4.093433661402304,O3,32
355,10.0,20140110,O3_10ngmL,41,6.898903562981613,O3,51
349,10.0,20140110,O3_10ngmL,46,7.777755544365608,O3,58
354,10.0,20140110,O3_10ngmL,14,2.366112382696268,O3,18
311,10.0,20140110,O3_10ngmL,11,1.958593270771344,O3,14
397,10.0,20140110,O3_10ngmL,29,4.898657633325704,O3,36
361,10.0,20140110,O3_10ngmL,25,4.3294296940566115,O3,32
261,10.0,20140110,O3_10ngmL,21,3.580532158388647,O3,27
386,10.0,20140110,O3_10ngmL,14,2.449075684748607,O3,18
363,10.0,20140110,O3_10ngmL,39,6.7003729304951545,O3,49
423,10.0,20140110,O3_10ngmL,7,1.2250202944991226,O3,10
354,10.0,20140110,O3_10ngmL,49,8.269755245288778,O3,62
390,10.0,20140110,O3_10ngmL,19,3.3419234180209045,O3,25
361,10.0,20140110,O3_10ngmL,10,1.8056942854963,O3,13
393,10.0,20140110,O3_10ngmL,27,4.5593928404669235,O3,33
279,10.0,20140110,O3_10ngmL,10,1.7089260700389102,O3,13
436,10.0,20140110,O3_10ngmL,18,3.1720750743877315,O3,23
357,10.0,20140110,O3_10ngmL,33,5.549166967269398,O3,41
310,10.0,20140110,O3_10ngmL,7,1.1996752300297548,O3,8
400,10.0,20140110,O3_10ngmL,36,6.069705882352943,O3,46
431,10.0,20140110,O3_10ngmL,29,4.949892042420081,O3,36
365,10.0,20140110,O3_10ngmL,20,3.3911657099259935,O3,26
409,10.0,20140110,O3_10ngmL,22,3.7757982757305255,O3,28
339,10.0,20140110,O3_10ngmL,3,0.6631525902189668,O3,4
361,10.0,20140110,O3_10ngmL,21,3.5404362920576786,O3,25
297,10.0,20140110,O3_10ngmL,17,2.9698095674067297,O3,22
321,10.0,20140110,O3_10ngmL,21,3.578651712825208,O3,27
384,10.0,20140110,O3_10ngmL,17,2.906003509575035,O3,21
316,10.0,20140110,O3_10ngmL,11,2.009334019989318,O3,15
362,10.0,20140110,O3_10ngmL,18,3.0542039734493014,O3,22
351,10.0,20140110,O3_10ngmL,8,1.367195773250935,O3,11
331,10.0,20140110,O3_10ngmL,27,4.576461585412375,O3,34
365,10.0,20140110,O3_10ngmL,19,3.334085496299686,O3,24
299,10.0,20140110,O3_10ngmL,4,0.718005188067445,O3,5
278,10.0,20140110,O3_10ngmL,2,0.4843015945677882,O3,4
444,10.0,20140110,O3_10ngmL,10,1.7692911024643312,O3,14
354,10.0,20140110,O3_10ngmL,13,2.242332112611582,O3,17
312,10.0,20140110,O3_10ngmL,8,1.4381161211566338,O3,10
359,10.0,20140110,O3_10ngmL,30,5.122455420767531,O3,37
397,10.0,20140110,O3_10ngmL,11,1.892175963988708,O3,14
302,10.0,20140110,O3_10ngmL,6,1.0209156176089116,O3,7
347,10.0,20140110,O3_10ngmL,5,0.9694738689250021,O3,7
340,10.0,20140110,O3_10ngmL,3,0.6581018539711605,O3,5
333,10.0,20140110,O3_10ngmL,16,2.6854002441443496,O3,19
315,10.0,20140110,O3_10ngmL,15,2.528224231326772,O3,18
320,10.0,20140110,O3_10ngmL,11,2.000780880445564,O3,16
320,10.0,20140110,O3_10ngmL,7,1.3199807736324092,O3,10
378,10.0,20140110,O3_10ngmL,18,3.043267927061875,O3,23
381,10.0,20140110,O3_10ngmL,26,4.38972976272221,O3,33
318,10.0,20140110,O3_10ngmL,11,1.8960357824063476,O3,14
370,10.0,20140110,O3_10ngmL,36,6.125048197146563,O3,46
341,10.0,20140110,O3_10ngmL,7,1.2165210193026628,O3,9
369,10.0,20140110,O3_10ngmL,18,3.0238121309224075,O3,22
337,10.0,20140110,O3_10ngmL,30,5.077408102540627,O3,38
364,10.0,20140110,O3_10ngmL,47,8.006061759365224,O3,60
385,10.0,20140110,O3_10ngmL,13,2.2465049973296707,O3,17
300,10.0,20140110,O3_10ngmL,12,2.1747301441977567,O3,15
323,10.0,20140110,O3_10ngmL,16,2.7761842374303787,O3,20
428,10.0,20140110,O3_10ngmL,18,3.1208943282215613,O3,24
313,10.0,20140110,O3_10ngmL,19,3.3117256427862984,O3,24
423,10.0,20140110,O3_10ngmL,24,4.08752124818799,O3,31
370,10.0,20140110,O3_10ngmL,34,5.785323491264211,O3,42
313,10.0,20140110,O3_10ngmL,16,2.6946050202182037,O3,20
439,10.0,20140110,O3_10ngmL,32,5.405449225604638,O3,39
276,10.0,20140110,O3_10ngmL,6,1.0456657511253524,O3,7
285,10.0,20140110,O3_10ngmL,35,5.9267266895552,O3,44
374,10.0,20140110,O3_10ngmL,32,5.4014370183871225,O3,40
351,10.0,20140110,O3_10ngmL,15,2.566429236285954,O3,19
347,10.0,20140110,O3_10ngmL,11,1.8951309987029832,O3,14
375,10.0,20140110,O3_10ngmL,2,0.4255543602655069,O3,3
384,10.0,20140110,O3_10ngmL,11,1.8832217898832688,O3,14
363,10.0,20140110,O3_10ngmL,38,6.507059967956053,O3,48
301,10.0,20140110,O3_10ngmL,19,3.2008584328984515,O3,24
298,10.0,20140110,O3_10ngmL,5,0.8519946593423359,O3,6
360,10.0,20140110,O3_10ngmL,26,4.526767452506295,O3,33
298,10.0,20140110,O3_10ngmL,4,0.7008845654993514,O3,5
272,10.0,20140110,O3_10ngmL,24,4.070461661707485,O3,30
373,10.0,20140110,O3_10ngmL,22,3.7255301991302363,O3,27
343,10.0,20140110,O3_10ngmL,16,2.7543405050736256,O3,21
396,10.0,20140110,O3_10ngmL,10,1.8266443793392848,O3,14
384,10.0,20140110,O3_10ngmL,23,3.9391522056916135,O3,29
323,10.0,20140110,O3_10ngmL,25,4.306299531548029,O3,31
335,10.0,20140110,O3_10ngmL,3,0.5614171053635462,O3,4
377,10.0,20140110,O3_10ngmL,22,3.719001324483101,O3,28
356,10.0,20140110,O3_10ngmL,37,6.281741664759289,O3,47
378,10.0,20140110,O3_10ngmL,35,6.035334477759975,O3,45
373,10.0,20140110,O3_10ngmL,11,1.8556406500343328,O3,13
318,10.0,20140110,O3_10ngmL,28,4.768402136263067,O3,35
334,10.0,20140110,O3_10ngmL,6,1.0090099946593425,O3,8
395,10.0,20140110,O3_10ngmL,22,3.822451035324635,O3,28
415,10.0,20140110,O3_10ngmL,33,5.571083952086671,O3,42
267,10.0,20140110,O3_10ngmL,11,1.9058015564202335,O3,15
352,10.0,20140110,O3_10ngmL,28,4.705153847562371,O3,35
281,10.0,20140110,O3_10ngmL,15,2.559272755016403,O3,19
380,10.0,20140110,O3_10ngmL,4,0.6767295338368811,O3,5
342,10.0,20140110,O3_10ngmL,8,1.4378310429541459,O3,11
337,10.0,20140110,O3_10ngmL,18,3.1440747692072946,O3,22
370,10.0,20140110,O3_10ngmL,18,3.148724455634394,O3,23
331,10.0,20140110,O3_10ngmL,18,3.1530928511482412,O3,24
363,10.0,20140110,O3_10ngmL,18,3.030932707713436,O3,22
424,10.0,20140110,O3_10ngmL,22,3.8160775921263452,O3,28
291,10.0,20140110,O3_10ngmL,4,0.6936670481422138,O3,5
357,10.0,20140110,O3_10ngmL,8,1.4138742076752877,O3,11
280,10.0,20140110,O3_10ngmL,13,2.2116533913176166,O3,16
353,10.0,20140110,O3_10ngmL,24,4.122651102464332,O3,31
309,10.0,20140110,O3_10ngmL,26,4.524882505531394,O3,33
340,10.0,20140110,O3_10ngmL,12,2.08381689173724,O3,15
382,10.0,20140110,O3_10ngmL,12,2.032855344472419,O3,15
418,10.0,20140110,O3_10ngmL,14,2.503760433356222,O3,18
310,10.0,20140110,O3_10ngmL,5,0.8434379339284349,O3,6
407,10.0,20140110,O3_10ngmL,9,1.6005600823987185,O3,12
313,10.0,20140110,O3_10ngmL,4,0.6831383230334934,O3,5
316,10.0,20140110,O3_10ngmL,7,1.1752642099641413,O3,9
311,10.0,20140110,O3_10ngmL,12,2.1721361104753183,O3,16
377,10.0,20140110,O3_10ngmL,21,3.5444328984512095,O3,26
321,10.0,20140110,O3_10ngmL,24,4.170042038605326,O3,31
357,10.0,20140110,O3_10ngmL,13,2.315242389562829,O3,18
260,10.0,20140110,O3_10ngmL,8,1.4567321278706031,O3,11
347,10.0,20140110,O3_10ngmL,8,1.358696498054475,O3,10
331,10.0,20140110,O3_10ngmL,19,3.28441935149157,O3,25
359,10.0,20140110,O3_10ngmL,6,1.0595433737697413,O3,9
366,10.0,20140110,O3_10ngmL,21,3.6683656031128393,O3,27
358,10.0,20140110,O3_10ngmL,25,4.209527885862515,O3,31
341,10.0,20140110,O3_10ngmL,30,5.163793011367972,O3,38
338,10.0,20140110,O3_10ngmL,9,1.5707823575188826,O3,11
329,10.0,20140110,O3_10ngmL,8,1.3542148470283053,O3,10
361,10.0,20140110,O3_10ngmL,32,5.49493640344854,O3,41
387,10.0,20140110,O3_10ngmL,3,0.5746466773479821,O3,4
332,10.0,20140110,O3_10ngmL,9,1.5095822079804682,O3,11
397,10.0,20140110,O3_10ngmL,23,3.8820845349813067,O3,29
367,10.0,20140110,O3_10ngmL,27,4.548625543602653,O3,34
348,10.0,20140110,O3_10ngmL,34,5.746027924010071,O3,42
349,10.0,20140110,O3_10ngmL,24,4.157901957732509,O3,30
388,10.0,20140110,O3_10ngmL,13,2.3291245136186776,O3,18
333,10.0,20140110,O3_10ngmL,26,4.510898069733731,O3,33
387,10.0,20140110,O3_10ngmL,9,1.5921676203555353,O3,12
264,10.0,20140110,O3_10ngmL,1,0.17688616769665064,O3,1
295,10.0,20140110,O3_10ngmL,6,1.0109972533760585,O3,8
331,10.0,20140110,O3_10ngmL,16,2.6892158846417944,O3,20
388,10.0,20140110,O3_10ngmL,13,2.202238574807355,O3,16
334,10.0,20140110,O3_10ngmL,17,2.887536507209888,O3,21
387,10.0,20140110,O3_10ngmL,27,4.642834744792856,O3,34
283,10.0,20140110,O3_10ngmL,33,5.692844489204241,O3,43
287,10.0,20140110,O3_10ngmL,9,1.5845686274509805,O3,12
356,10.0,20140110,O3_10ngmL,9,1.6400351720454722,O3,12
368,10.0,20140110,O3_10ngmL,10,1.757735179674983,O3,12
385,10.0,20140110,O3_10ngmL,25,4.329125227740901,O3,32
389,10.0,20140110,O3_10ngmL,17,2.92779339284352,O3,22
353,10.0,20140110,O3_10ngmL,23,3.934369301899747,O3,29
443,10.0,20140110,O3_10ngmL,22,3.7351572137026015,O3,28
416,10.0,20140110,O3_10ngmL,30,5.1901525139238585,O3,38
336,10.0,20140110,O3_10ngmL,4,0.7533486686503397,O3,5
398,10.0,20140110,O3_10ngmL,15,2.537991262684061,O3,19
382,10.0,20140110,O3_10ngmL,5,0.9810147035934998,O3,7
276,10.0,20140110,O3_10ngmL,34,5.775838309300372,O3,42
372,10.0,20140110,O3_10ngmL,10,1.7933649958037683,O3,13
310,10.0,20140110,O3_10ngmL,5,0.8660859082932784,O3,7
279,10.0,20140110,O3_10ngmL,13,2.23282124055848,O3,17
341,10.0,20140110,O3_10ngmL,14,2.4334468604562445,O3,18
405,10.0,20140110,O3_10ngmL,36,6.1054882887006965,O3,46
347,10.0,20140110,O3_10ngmL,17,2.8931589990081634,O3,22
322,10.0,20140110,O3_10ngmL,8,1.4934148165102614,O3,11
397,10.0,20140110,O3_10ngmL,8,1.3765118638895248,O3,11
275,10.0,20140110,O3_10ngmL,18,3.0850907484550234,O3,23
442,10.0,20140110,O3_10ngmL,39,6.582515831235218,O3,50
395,10.0,20140110,O3_10ngmL,20,3.4960429541466387,O3,27
370,10.0,20140110,O3_10ngmL,11,1.9406427466239409,O3,14
306,10.0,20140110,O3_10ngmL,20,3.375634012359808,O3,24
310,10.0,20140110,O3_10ngmL,21,3.5733686762798493,O3,27
368,10.0,20140110,O3_10ngmL,16,2.7077241931792173,O3,21
320,10.0,20140110,O3_10ngmL,9,1.638360265506981,O3,13
338,10.0,20140110,O3_10ngmL,12,2.0564798962386512,O3,16
331,10.0,20140110,O3_10ngmL,19,3.2575713740749217,O3,24
370,10.0,20140110,O3_10ngmL,18,3.0985723659113447,O3,23
311,10.0,20140110,O3_10ngmL,15,2.65139147020676,O3,19
309,10.0,20140110,O3_10ngmL,35,5.965563057907988,O3,45
287,10.0,20140110,O3_10ngmL,6,1.1320318150606543,O3,8
353,10.0,20140110,O3_10ngmL,18,3.0455050736247813,O3,22
411,10.0,20140110,O3_10ngmL,39,6.7072197299153125,O3,48
332,10.0,20140110,O3_10ngmL,4,0.6883569085221637,O3,5
317,10.0,20140110,O3_10ngmL,6,1.1340119020370796,O3,8
288,10.0,20140110,O3_10ngmL,9,1.5156436255436028,O3,10
354,10.0,20140110,O3_10ngmL,11,1.903414319066148,O3,15
438,10.0,20140110,O3_10ngmL,14,2.4821419851987487,O3,18
339,10.0,20140110,O3_10ngmL,3,0.5750128938735029,O3,4
362,10.0,20140110,O3_10ngmL,13,2.327205648889906,O3,18
357,10.0,20140110,O3_10ngmL,19,3.3013602655069816,O3,24
411,10.0,20140110,O3_10ngmL,24,4.087009613183795,O3,30
373,10.0,20140110,O3_10ngmL,17,2.9896606393530174,O3,22
351,10.0,20140110,O3_10ngmL,23,3.857521281757838,O3,29
282,10.0,20140110,O3_10ngmL,7,1.2716121889066907,O3,10
290,10.0,20140110,O3_10ngmL,2,0.4809679560540169,O3,4
314,10.0,20140110,O3_10ngmL,5,0.9337309529259172,O3,7
309,10.0,20140110,O3_10ngmL,11,1.9355189440756844,O3,14
398,10.0,20140110,O3_10ngmL,20,3.417096903944457,O3,25
378,10.0,20140110,O3_10ngmL,17,3.0088412298771643,O3,22
371,10.0,20140110,O3_10ngmL,31,5.284922713054092,O3,40
314,10.0,20140110,O3_10ngmL,14,2.365269550621805,O3,18
269,10.0,20140110,O3_10ngmL,17,2.920005719081406,O3,22
347,10.0,20140110,O3_10ngmL,25,4.275287098496984,O3,31
375,10.0,20140110,O3_10ngmL,26,4.374413290608072,O3,34
332,10.0,20140110,O3_10ngmL,15,2.520694361791409,O3,18
274,10.0,20140110,O3_10ngmL,34,5.71560969253071,O3,42
346,10.0,20140110,O3_10ngmL,22,3.822082475013352,O3,28
328,10.0,20140110,O3_10ngmL,24,4.080326161593041,O3,30
342,10.0,20140110,O3_10ngmL,16,2.7781257343404286,O3,21
356,10.0,20140110,O3_10ngmL,16,2.8118864057373925,O3,21
333,10.0,20140110,O3_10ngmL,13,2.2042716105897613,O3,16
296,10.0,20140110,O3_10ngmL,14,2.3806587319752803,O3,18
399,10.0,20140110,O3_10ngmL,9,1.624866446936751,O3,12
341,10.0,20140110,O3_10ngmL,10,1.695415005722133,O3,13
405,10.0,20140110,O3_10ngmL,16,2.7500265018692294,O3,21
290,10.0,20140110,O3_10ngmL,7,1.2387839322499428,O3,9
332,10.0,20140110,O3_10ngmL,17,2.9708660257877466,O3,22
336,10.0,20140110,O3_10ngmL,14,2.397233786526284,O3,18
292,10.0,20140110,O3_10ngmL,5,0.981806744487678,O3,7
257,10.0,20140110,O3_10ngmL,14,2.355133974212254,O3,17
291,10.0,20140110,O3_10ngmL,4,0.8241316853589684,O3,6
405,10.0,20140110,O3_10ngmL,14,2.4577087052719917,O3,19
293,10.0,20140110,O3_10ngmL,6,1.118683756771191,O3,8
299,10.0,20140110,O3_10ngmL,13,2.295651792172121,O3,17
325,10.0,20140110,O3_10ngmL,13,2.2064841687647823,O3,17
368,10.0,20140110,O3_10ngmL,19,3.3386779186694135,O3,25
380,10.0,20140110,O3_10ngmL,15,2.5239314168001816,O3,19
351,10.0,20140110,O3_10ngmL,10,1.8273737697413603,O3,13
373,10.0,20140110,O3_10ngmL,20,3.3810743114366373,O3,26
307,10.0,20140110,O3_10ngmL,11,1.9921607904173344,O3,15
346,10.0,20140110,O3_10ngmL,10,1.6984709391927972,O3,13
321,10.0,20140110,O3_10ngmL,9,1.5747701777676049,O3,12
353,10.0,20140110,O3_10ngmL,20,3.4453470969710835,O3,26
301,10.0,20140110,O3_10ngmL,21,3.5591623559929806,O3,26
380,10.0,20140110,O3_10ngmL,13,2.220353719386587,O3,16
306,10.0,20140110,O3_10ngmL,12,2.0507317463950554,O3,15
326,10.0,20140110,O3_10ngmL,13,2.190687495231556,O3,16
358,10.0,20140110,O3_10ngmL,12,2.143141640344853,O3,16
336,10.0,20140110,O3_10ngmL,13,2.251736684214541,O3,17
307,10.0,20140110,O3_10ngmL,9,1.5817762264438846,O3,11
354,10.0,20140110,O3_10ngmL,15,2.5776365300984203,O3,19
356,10.0,20140110,O3_10ngmL,35,6.03596476997024,O3,45
322,10.0,20140110,O3_10ngmL,11,1.8678065918974591,O3,14
386,10.0,20140110,O3_10ngmL,38,6.408562981612878,O3,48
371,10.0,20140110,O3_10ngmL,31,5.283332188906691,O3,40
318,10.0,20140110,O3_10ngmL,42,7.192114842450597,O3,53
324,10.0,20140110,O3_10ngmL,13,2.2106498817425804,O3,16
350,10.0,20140110,O3_10ngmL,7,1.1770647745479517,O3,9
266,10.0,20140110,O3_10ngmL,5,0.9494540321965359,O3,7
364,10.0,20140110,O3_10ngmL,27,4.642560082398719,O3,34
333,10.0,20140110,O3_10ngmL,17,3.0162346837567715,O3,21
401,10.0,20140110,O3_10ngmL,14,2.3513463218127715,O3,17
379,10.0,20140110,O3_10ngmL,20,3.3842918074311434,O3,25
311,10.0,20140110,O3_10ngmL,11,1.849755168993667,O3,13
355,10.0,20140110,O3_10ngmL,17,2.888284199282825,O3,21
333,10.0,20140110,O3_10ngmL,7,1.3026088349736784,O3,9
375,10.0,20140110,O3_10ngmL,3,0.6288808270389865,O3,4
337,10.0,20140110,O3_10ngmL,4,0.7589146257724879,O3,5
300,10.0,20140110,O3_10ngmL,5,0.9738226901655604,O3,7
364,10.0,20140110,O3_10ngmL,6,1.13477843900206,O3,8
386,10.0,20140110,O3_10ngmL,45,7.558553594262607,O3,55
353,10.0,20140110,O3_10ngmL,36,6.143429388876172,O3,46
397,10.0,20140110,O3_10ngmL,18,3.1147553582055374,O3,23
373,10.0,20140110,O3_10ngmL,25,4.327991760128176,O3,32
359,10.0,20140110,O3_10ngmL,7,1.2853697261005568,O3,9
385,10.0,20140110,O3_10ngmL,30,5.1325308613717855,O3,39
344,10.0,20140110,O3_10ngmL,10,1.685315861753261,O3,12
411,10.0,20140110,O3_10ngmL,14,2.498881489280537,O3,19
324,10.0,20140110,O3_10ngmL,8,1.4089855771725022,O3,10
365,10.0,20140110,O3_10ngmL,11,1.9111635736629284,O3,14
360,10.0,20140110,O3_10ngmL,3,0.6688632364385443,O3,5
294,10.0,20140110,O3_10ngmL,11,1.93486999313344,O3,14
337,10.0,20140110,O3_10ngmL,22,3.74441046768902,O3,27
322,10.0,20140110,O3_10ngmL,21,3.5393714045929654,O3,26
307,10.0,20140110,O3_10ngmL,12,2.1270457007705805,O3,16
416,10.0,20140110,O3_10ngmL,3,0.6584339665827421,O3,5
320,10.0,20140110,O3_10ngmL,36,6.0999797817959855,O3,45
339,10.0,20140110,O3_10ngmL,6,1.025249179827573,O3,7
313,10.0,20140110,O3_10ngmL,12,2.1554238956282905,O3,15
428,10.0,20140110,O3_10ngmL,14,2.3697368581673914,O3,18
357,10.0,20140110,O3_10ngmL,40,6.717825665674829,O3,50
339,10.0,20140110,O3_10ngmL,18,3.160637265583276,O3,23
291,10.0,20140110,O3_10ngmL,3,0.5492556649118792,O3,4
304,10.0,20140110,O3_10ngmL,28,4.833346691081101,O3,36
421,10.0,20140110,O3_10ngmL,10,1.7472768352788584,O3,13
425,10.0,20140110,O3_10ngmL,28,4.749751125352866,O3,36
302,10.0,20140110,O3_10ngmL,2,0.4302092622262912,O3,3
271,10.0,20140110,O3_10ngmL,6,1.1446321812771798,O3,8
302,10.0,20140110,O3_10ngmL,8,1.350056305790799,O3,9
306,10.0,20140110,O3_10ngmL,27,4.6830893018997495,O3,34
284,10.0,20140110,O3_10ngmL,7,1.3331187914854659,O3,10
319,10.0,20140110,O3_10ngmL,6,1.1018153658350498,O3,8
397,10.0,20140110,O3_10ngmL,17,2.9591289662012668,O3,22
307,10.0,20140110,O3_10ngmL,12,2.094852750438697,O3,16
362,10.0,20140110,O3_10ngmL,11,1.9048402380407412,O3,14
326,10.0,20140110,O3_10ngmL,39,6.572881815823601,O3,50
286,10.0,20140110,O3_10ngmL,12,2.093319676508736,O3,15
305,10.0,20140110,O3_10ngmL,40,6.7397250476844475,O3,50
341,10.0,20140110,O3_10ngmL,16,2.778739681086442,O3,20
280,10.0,20140110,O3_10ngmL,4,0.8253676661326008,O3,6
417,10.0,20140110,O3_10ngmL,26,4.472022195773249,O3,32
313,10.0,20140110,O3_10ngmL,25,4.208593499656672,O3,31
335,10.0,20140110,O3_10ngmL,6,1.0530785778591578,O3,7
304,10.0,20140110,O3_10ngmL,9,1.6027116044861522,O3,11
331,10.0,20140110,O3_10ngmL,23,3.920435129320209,O3,30
323,10.0,20140110,O3_10ngmL,13,2.2938447547112237,O3,18
383,10.0,20140110,O3_10ngmL,15,2.6665754543373765,O3,19
336,10.0,20140110,O3_10ngmL,25,4.2341182574196985,O3,32
309,10.0,20140110,O3_10ngmL,4,0.7210605783169297,O3,5
278,10.0,20140110,O3_10ngmL,12,2.11660852979324,O3,16
319,10.0,20140110,O3_10ngmL,14,2.4384940108339057,O3,18
358,10.0,20140110,O3_10ngmL,15,2.5310211337453272,O3,18
325,10.0,20140110,O3_10ngmL,15,2.667703364614328,O3,19
394,10.0,20140110,O3_10ngmL,3,0.5542911421377889,O3,4
328,10.0,20140110,O3_10ngmL,7,1.3307159533073931,O3,10
309,10.0,20140110,O3_10ngmL,22,3.746057370870528,O3,28
405,10.0,20140110,O3_10ngmL,32,5.4855425894560135,O3,40
419,10.0,20140110,O3_10ngmL,14,2.4180032867933168,O3,18
360,10.0,20140110,O3_10ngmL,27,4.635388342107271,O3,35
421,10.0,20140110,O3_10ngmL,7,1.3292887769893948,O3,10
394,10.0,20140110,O3_10ngmL,38,6.531971120775159,O3,48
407,10.0,20140110,O3_10ngmL,14,2.4364223697261003,O3,19
263,10.0,20140110,O3_10ngmL,4,0.7831459525444417,O3,5
396,10.0,20140110,O3_10ngmL,9,1.5578267338063627,O3,12
421,10.0,20140110,O3_10ngmL,20,3.37291432059205,O3,25
333,10.0,20140110,O3_10ngmL,43,7.2437808041504494,O3,54
268,10.0,20140110,O3_10ngmL,19,3.347870679789425,O3,25
339,10.0,20140110,O3_10ngmL,15,2.5742043366140237,O3,19
370,10.0,20140110,O3_10ngmL,13,2.2907604608224608,O3,18
439,10.0,20140110,O3_10ngmL,12,2.047042648966201,O3,16
324,10.0,20140110,O3_10ngmL,13,2.327733614099335,O3,18
442,10.0,20140110,O3_10ngmL,7,1.1873610284580756,O3,8
290,10.0,20140110,O3_10ngmL,29,4.931085755703059,O3,37
374,10.0,20140110,O3_10ngmL,23,3.9723228046082246,O3,29
430,10.0,20140110,O3_10ngmL,23,3.9850793469138632,O3,29
360,10.0,20140110,O3_10ngmL,8,1.377263141832609,O3,9
302,10.0,20140110,O3_10ngmL,11,1.901483253223469,O3,14
343,10.0,20140110,O3_10ngmL,19,3.3405957122148475,O3,25
354,10.0,20140110,O3_10ngmL,17,2.8746352605477985,O3,22
398,10.0,20140110,O3_10ngmL,14,2.505118486305028,O3,20
389,10.0,20140110,O3_10ngmL,21,3.686861695277332,O3,27
355,10.0,20140110,O3_10ngmL,25,4.319355867856871,O3,32
333,10.0,20140110,O3_10ngmL,37,6.296624054322118,O3,46
304,10.0,20140110,O3_10ngmL,4,0.7830579842832075,O3,5
368,10.0,20140110,O3_10ngmL,35,5.906510643167773,O3,44
355,10.0,20140110,O3_10ngmL,10,1.8254177431906609,O3,14
326,10.0,20140110,O3_10ngmL,14,2.3567819485770967,O3,18
347,10.0,20140110,O3_10ngmL,12,2.0732998397802698,O3,15
295,10.0,20140110,O3_10ngmL,9,1.5946817730983442,O3,12
314,10.0,20140110,O3_10ngmL,26,4.431753109025712,O3,33
402,10.0,20140110,O3_10ngmL,22,3.749105745021744,O3,26
258,10.0,20140110,O3_10ngmL,5,1.001731441214618,O3,7
336,10.0,20140110,O3_10ngmL,5,0.8846337071793695,O3,6
332,10.0,20140110,O3_10ngmL,14,2.452349202716106,O3,19
368,10.0,20140110,O3_10ngmL,24,4.048413803311208,O3,30
411,10.0,20140110,O3_10ngmL,28,4.72618760967422,O3,34
315,10.0,20140110,O3_10ngmL,5,0.8600691966124971,O3,6
394,10.0,20140110,O3_10ngmL,18,3.1313945220111394,O3,24
368,10.0,20140110,O3_10ngmL,38,6.468420538643472,O3,47
391,10.0,20140110,O3_10ngmL,49,8.306514229037921,O3,61
301,10.0,20140110,O3_10ngmL,9,1.5732581063553823,O3,11
359,10.0,20140110,O3_10ngmL,28,4.758606201266498,O3,36
458,10.0,20140110,O3_10ngmL,7,1.314942610818647,O3,9
465,10.0,20140110,O3_10ngmL,26,4.3693203631647215,O3,32
397,10.0,20140110,O3_10ngmL,3,0.5594827954528112,O3,3
291,10.0,20140110,O3_10ngmL,0,0.0,O3,0
418,10.0,20140110,O3_10ngmL,27,4.592541008621347,O3,34
311,10.0,20140110,O3_10ngmL,9,1.5205606164644845,O3,11
363,10.0,20140110,O3_10ngmL,22,3.7418927290760666,O3,28
351,10.0,20140110,O3_10ngmL,39,6.701921263447013,O3,49
368,10.0,20140110,O3_10ngmL,21,3.5671230640115965,O3,26
298,10.0,20140110,O3_10ngmL,23,3.9106031189440733,O3,29
253,10.0,20140110,O3_10ngmL,7,1.3170896467536433,O3,10
361,10.0,20140110,O3_10ngmL,32,5.495055790035858,O3,41
345,10.0,20140110,O3_10ngmL,6,1.0638123140306706,O3,8
402,10.0,20140110,O3_10ngmL,12,2.137579269092851,O3,16
395,10.0,20140110,O3_10ngmL,14,2.3692710002288853,O3,17
460,10.0,20140110,O3_10ngmL,25,4.19589907988098,O3,31
337,10.0,20140110,O3_10ngmL,12,2.0418958724345755,O3,15
366,10.0,20140110,O3_10ngmL,22,3.774166988632027,O3,29
306,0.5,20131101,Oid_0p5ngmL,27,4.695576409552149,Oid,35
412,0.5,20131101,Oid_0p5ngmL,7,1.301405355916686,Oid,10
267,0.5,20131101,Oid_0p5ngmL,11,1.9603845273517968,Oid,14
312,0.5,20131101,Oid_0p5ngmL,18,3.179064621957732,Oid,22
356,0.5,20131101,Oid_0p5ngmL,4,0.7095231555657281,Oid,6
320,0.5,20131101,Oid_0p5ngmL,16,2.7552239261463347,Oid,21
342,0.5,20131101,Oid_0p5ngmL,10,1.755043869687953,Oid,14
258,0.5,20131101,Oid_0p5ngmL,37,6.358776226443885,Oid,47
296,0.5,20131101,Oid_0p5ngmL,8,1.4336552986953537,Oid,11
288,0.5,20131101,Oid_0p5ngmL,16,2.7060288395513843,Oid,20
337,0.5,20131101,Oid_0p5ngmL,4,0.7943297474631876,Oid,6
421,0.5,20131101,Oid_0p5ngmL,4,0.7129289692530709,Oid,5
369,0.5,20131101,Oid_0p5ngmL,6,1.1337911039902342,Oid,9
346,0.5,20131101,Oid_0p5ngmL,25,4.309266559853514,Oid,32
436,0.5,20131101,Oid_0p5ngmL,9,1.6216006713969633,Oid,12
397,0.5,20131101,Oid_0p5ngmL,10,1.7824673838406957,Oid,14
338,0.5,20131101,Oid_0p5ngmL,22,3.7918791485465775,Oid,29
361,0.5,20131101,Oid_0p5ngmL,16,2.7556542305638208,Oid,21
307,0.5,20131101,Oid_0p5ngmL,8,1.4875074387731742,Oid,11
331,0.5,20131101,Oid_0p5ngmL,22,3.787359426260778,Oid,28
381,0.5,20131101,Oid_0p5ngmL,42,7.1421097123674375,Oid,53
315,0.5,20131101,Oid_0p5ngmL,25,4.317891203173877,Oid,33
380,0.5,20131101,Oid_0p5ngmL,51,8.668072938124666,Oid,64
303,0.5,20131101,Oid_0p5ngmL,0,0.0,Oid,0
377,0.5,20131101,Oid_0p5ngmL,43,7.329903105210954,Oid,54
375,0.5,20131101,Oid_0p5ngmL,22,3.7546307774471654,Oid,27
283,0.5,20131101,Oid_0p5ngmL,14,2.4110872053101398,Oid,18
392,0.5,20131101,Oid_0p5ngmL,14,2.4290409704737908,Oid,18
301,0.5,20131101,Oid_0p5ngmL,18,3.095121690699626,Oid,23
353,0.5,20131101,Oid_0p5ngmL,0,0.15858640421149006,Oid,2
355,0.5,20131101,Oid_0p5ngmL,3,0.5261829556725415,Oid,3
370,0.5,20131101,Oid_0p5ngmL,21,3.620296452277409,Oid,27
416,0.5,20131101,Oid_0p5ngmL,36,6.054013885709928,Oid,45
284,0.5,20131101,Oid_0p5ngmL,0,0.01135576409552148,Oid,0
289,0.5,20131101,Oid_0p5ngmL,15,2.584686045624476,Oid,19
357,0.5,20131101,Oid_0p5ngmL,32,5.390109102006562,Oid,40
363,0.5,20131101,Oid_0p5ngmL,20,3.5046890974288543,Oid,26
372,0.5,20131101,Oid_0p5ngmL,20,3.4976581063553818,Oid,27
374,0.5,20131101,Oid_0p5ngmL,0,0.012408636606393537,Oid,0
268,0.5,20131101,Oid_0p5ngmL,21,3.561319844357977,Oid,26
308,0.5,20131101,Oid_0p5ngmL,12,2.171386282139315,Oid,16
323,0.5,20131101,Oid_0p5ngmL,26,4.510254367895018,Oid,32
303,0.5,20131101,Oid_0p5ngmL,0,0.0,Oid,0
393,0.5,20131101,Oid_0p5ngmL,15,2.657297627222095,Oid,20
385,0.5,20131101,Oid_0p5ngmL,34,5.71658197909514,Oid,43
383,0.5,20131101,Oid_0p5ngmL,12,2.1220954909590293,Oid,16
389,0.5,20131101,Oid_0p5ngmL,19,3.326641702906844,Oid,25
408,0.5,20131101,Oid_0p5ngmL,23,4.008160524910353,Oid,30
340,0.5,20131101,Oid_0p5ngmL,12,2.139967956054017,Oid,15
292,0.5,20131101,Oid_0p5ngmL,0,0.0,Oid,0
264,0.5,20131101,Oid_0p5ngmL,10,1.7589471274891282,Oid,13
330,0.5,20131101,Oid_0p5ngmL,10,1.8226982223239483,Oid,14
395,0.5,20131101,Oid_0p5ngmL,44,7.394293125810635,Oid,54
363,0.5,20131101,Oid_0p5ngmL,0,0.08797741664759291,Oid,0
305,0.5,20131101,Oid_0p5ngmL,5,0.8841748683909363,Oid,7
341,0.5,20131101,Oid_0p5ngmL,23,3.9070511940184627,Oid,29
349,0.5,20131101,Oid_0p5ngmL,13,2.207061875333791,Oid,16
328,0.5,20131101,Oid_0p5ngmL,0,0.0,Oid,0
343,0.5,20131101,Oid_0p5ngmL,24,4.0924483100633235,Oid,31
305,0.5,20131101,Oid_0p5ngmL,3,0.5506429236285953,Oid,4
375,0.5,20131101,Oid_0p5ngmL,9,1.6406073090714883,Oid,12
351,0.5,20131101,Oid_0p5ngmL,10,1.7628168154421302,Oid,14
301,0.5,20131101,Oid_0p5ngmL,14,2.392532234683757,Oid,18
337,0.5,20131101,Oid_0p5ngmL,5,0.9897215228503854,Oid,7
306,0.5,20131101,Oid_0p5ngmL,32,5.458425696192875,Oid,41
434,0.5,20131101,Oid_0p5ngmL,20,3.431070420386053,Oid,26
382,0.5,20131101,Oid_0p5ngmL,39,6.622336156252384,Oid,49
366,0.5,20131101,Oid_0p5ngmL,13,2.2854749370565344,Oid,16
348,0.5,20131101,Oid_0p5ngmL,8,1.3820035095750358,Oid,10
330,0.5,20131101,Oid_0p5ngmL,13,2.2520835584039056,Oid,16
466,0.5,20131101,Oid_0p5ngmL,20,3.4741130693522546,Oid,25
336,0.5,20131101,Oid_0p5ngmL,23,3.901312214847028,Oid,29
303,0.5,20131101,Oid_0p5ngmL,17,3.016695201037613,Oid,22
294,0.5,20131101,Oid_0p5ngmL,3,0.6286472877088579,Oid,4
435,0.5,20131101,Oid_0p5ngmL,21,3.623563103685052,Oid,26
428,0.5,20131101,Oid_0p5ngmL,21,3.5594866865033947,Oid,26
343,0.5,20131101,Oid_0p5ngmL,40,6.732326237888149,Oid,50
395,0.5,20131101,Oid_0p5ngmL,12,2.125639734493019,Oid,16
388,0.5,20131101,Oid_0p5ngmL,1,0.24419623102159155,Oid,1
374,0.5,20131101,Oid_0p5ngmL,10,1.8049897001602195,Oid,14
378,0.5,20131101,Oid_0p5ngmL,39,6.551555657282367,Oid,49
374,0.5,20131101,Oid_0p5ngmL,20,3.3962944991226065,Oid,25
398,0.5,20131101,Oid_0p5ngmL,33,5.681760646982523,Oid,43
387,0.5,20131101,Oid_0p5ngmL,30,5.051087083237963,Oid,38
411,0.5,20131101,Oid_0p5ngmL,8,1.5083115892271304,Oid,11
396,0.5,20131101,Oid_0p5ngmL,51,8.671674555580987,Oid,64
328,0.5,20131101,Oid_0p5ngmL,7,1.2122346837567712,Oid,9
346,0.5,20131101,Oid_0p5ngmL,22,3.772823682001983,Oid,27
379,0.5,20131101,Oid_0p5ngmL,16,2.7533907682917524,Oid,20
317,0.5,20131101,Oid_0p5ngmL,2,0.4574052948805979,Oid,3
357,0.5,20131101,Oid_0p5ngmL,14,2.4228702220187683,Oid,17
273,0.5,20131101,Oid_0p5ngmL,16,2.824536507209888,Oid,20
349,0.5,20131101,Oid_0p5ngmL,12,2.098310826276036,Oid,16
328,0.5,20131101,Oid_0p5ngmL,12,2.0477271686884877,Oid,15
289,0.5,20131101,Oid_0p5ngmL,23,3.943523308155947,Oid,29
401,0.5,20131101,Oid_0p5ngmL,8,1.3623285267414356,Oid,10
373,0.5,20131101,Oid_0p5ngmL,15,2.6262760357061112,Oid,20
335,0.5,20131101,Oid_0p5ngmL,9,1.6036438544289309,Oid,11
359,0.5,20131101,Oid_0p5ngmL,5,0.9419180590524148,Oid,7
363,0.5,20131101,Oid_0p5ngmL,7,1.179743099107347,Oid,9
376,0.5,20131101,Oid_0p5ngmL,9,1.6672220950637062,Oid,12
366,0.5,20131101,Oid_0p5ngmL,26,4.40540474555581,Oid,32
317,0.5,20131101,Oid_0p5ngmL,2,0.33601281757839313,Oid,2
403,0.5,20131101,Oid_0p5ngmL,22,3.770330235751888,Oid,27
396,0.5,20131101,Oid_0p5ngmL,5,0.9253803311207752,Oid,7
440,0.5,20131101,Oid_0p5ngmL,10,1.8240970473792628,Oid,13
372,0.5,20131101,Oid_0p5ngmL,13,2.2401890897993435,Oid,17
381,0.5,20131101,Oid_0p5ngmL,29,4.877735561150531,Oid,36
398,0.5,20131101,Oid_0p5ngmL,13,2.346083772030213,Oid,18
310,0.5,20131101,Oid_0p5ngmL,7,1.2170384679942012,Oid,9
383,0.5,20131101,Oid_0p5ngmL,5,0.9657618066681926,Oid,6
350,0.5,20131101,Oid_0p5ngmL,8,1.4800817883573665,Oid,12
368,0.5,20131101,Oid_0p5ngmL,53,8.937788845654994,Oid,67
301,0.5,20131101,Oid_0p5ngmL,0,0.007861448081178009,Oid,0
332,0.5,20131101,Oid_0p5ngmL,9,1.5255146105134658,Oid,11
313,0.5,20131101,Oid_0p5ngmL,39,6.598269626916915,Oid,48
375,0.5,20131101,Oid_0p5ngmL,16,2.83030441748684,Oid,20
301,0.5,20131101,Oid_0p5ngmL,10,1.692118715190356,Oid,12
312,0.5,20131101,Oid_0p5ngmL,2,0.3492271305409322,Oid,2
346,0.5,20131101,Oid_0p5ngmL,10,1.6857343404287786,Oid,13
340,0.5,20131101,Oid_0p5ngmL,13,2.2979659723811694,Oid,17
318,0.5,20131101,Oid_0p5ngmL,4,0.7419455252918287,Oid,5
308,0.5,20131101,Oid_0p5ngmL,8,1.5048081177996493,Oid,11
360,0.5,20131101,Oid_0p5ngmL,24,4.19129002822919,Oid,31
278,0.5,20131101,Oid_0p5ngmL,10,1.699750179293506,Oid,12
398,0.5,20131101,Oid_0p5ngmL,31,5.3430505226215,Oid,40
277,0.5,20131101,Oid_0p5ngmL,13,2.2236118104829483,Oid,16
358,0.5,20131101,Oid_0p5ngmL,27,4.678484962233921,Oid,35
281,0.5,20131101,Oid_0p5ngmL,28,4.8035114061188695,Oid,35
288,0.5,20131101,Oid_0p5ngmL,15,2.638358129243916,Oid,20
394,0.5,20131101,Oid_0p5ngmL,0,0.06546730754558633,Oid,0
387,0.5,20131101,Oid_0p5ngmL,24,4.104304570077058,Oid,31
355,0.5,20131101,Oid_0p5ngmL,21,3.6612119935912113,Oid,27
250,0.5,20131101,Oid_0p5ngmL,12,2.166480323491263,Oid,16
308,0.5,20131101,Oid_0p5ngmL,32,5.429739589532311,Oid,40
320,0.5,20131101,Oid_0p5ngmL,5,0.9801602197299152,Oid,8
324,0.5,20131101,Oid_0p5ngmL,12,2.0752391851682304,Oid,16
319,0.5,20131101,Oid_0p5ngmL,12,2.0490547035935,Oid,16
297,0.5,20131101,Oid_0p5ngmL,11,1.8576302738994428,Oid,13
428,0.5,20131101,Oid_0p5ngmL,24,4.081339620050353,Oid,30
398,0.5,20131101,Oid_0p5ngmL,13,2.2624368657969023,Oid,17
305,0.5,20131101,Oid_0p5ngmL,20,3.477055008773937,Oid,26
349,0.5,20131101,Oid_0p5ngmL,11,1.96628464179446,Oid,14
331,0.5,20131101,Oid_0p5ngmL,0,0.0,Oid,0
375,0.5,20131101,Oid_0p5ngmL,16,2.712950209811551,Oid,20
312,0.5,20131101,Oid_0p5ngmL,6,1.0760296025024791,Oid,7
347,0.5,20131101,Oid_0p5ngmL,13,2.186138704509041,Oid,16
327,0.5,20131101,Oid_0p5ngmL,29,4.87292872510872,Oid,35
388,0.5,20131101,Oid_0p5ngmL,18,3.1269794766155488,Oid,23
296,0.5,20131101,Oid_0p5ngmL,8,1.4246341649500267,Oid,10
322,0.5,20131101,Oid_0p5ngmL,16,2.8049439230945294,Oid,21
400,0.5,20131101,Oid_0p5ngmL,28,4.7828183413443215,Oid,36
323,0.5,20131101,Oid_0p5ngmL,6,1.151088731212329,Oid,9
375,0.5,20131101,Oid_0p5ngmL,47,7.952269779507133,Oid,59
342,0.5,20131101,Oid_0p5ngmL,9,1.5648858167391473,Oid,11
341,0.5,20131101,Oid_0p5ngmL,57,9.56387884336614,Oid,71
315,0.5,20131101,Oid_0p5ngmL,20,3.3865812161440454,Oid,24
349,0.5,20131101,Oid_0p5ngmL,15,2.6060700389105063,Oid,19
389,0.5,20131101,Oid_0p5ngmL,20,3.4446019989318675,Oid,26
367,0.5,20131101,Oid_0p5ngmL,8,1.396013244831006,Oid,10
370,0.5,20131101,Oid_0p5ngmL,17,3.0095780270084687,Oid,23
394,0.5,20131101,Oid_0p5ngmL,17,3.011850156404975,Oid,22
392,0.5,20131101,Oid_0p5ngmL,63,10.707006271457997,Oid,79
373,0.5,20131101,Oid_0p5ngmL,13,2.2905714503700314,Oid,16
362,0.5,20131101,Oid_0p5ngmL,16,2.8404404364080262,Oid,21
347,0.5,20131101,Oid_0p5ngmL,78,13.189260090028226,Oid,98
281,0.5,20131101,Oid_0p5ngmL,3,0.5817846341649499,Oid,5
447,0.5,20131101,Oid_0p5ngmL,2,0.3416045777065682,Oid,2
319,0.5,20131101,Oid_0p5ngmL,2,0.4376958876935989,Oid,3
357,0.5,20131101,Oid_0p5ngmL,0,0.03798886091401545,Oid,0
377,0.5,20131101,Oid_0p5ngmL,17,2.8896894789044016,Oid,22
388,0.5,20131101,Oid_0p5ngmL,7,1.2198458838788429,Oid,8
343,0.5,20131101,Oid_0p5ngmL,17,2.9281422140840783,Oid,22
285,0.5,20131101,Oid_0p5ngmL,24,4.165000076295109,Oid,30
374,0.5,20131101,Oid_0p5ngmL,40,6.8172579537651625,Oid,50
462,0.5,20131101,Oid_0p5ngmL,7,1.2888075074387728,Oid,10
434,0.5,20131101,Oid_0p5ngmL,39,6.639930663004503,Oid,50
256,0.5,20131101,Oid_0p5ngmL,7,1.2697703517204546,Oid,10
383,0.5,20131101,Oid_0p5ngmL,22,3.7026535439078367,Oid,27
358,0.5,20131101,Oid_0p5ngmL,8,1.4118532082093538,Oid,9
291,0.5,20131101,Oid_0p5ngmL,14,2.480167849240864,Oid,20
322,0.5,20131101,Oid_0p5ngmL,21,3.6792980849927517,Oid,28
363,0.5,20131101,Oid_0p5ngmL,21,3.657284321355,Oid,27
389,0.5,20131101,Oid_0p5ngmL,16,2.825204852368963,Oid,21
311,0.5,20131101,Oid_0p5ngmL,2,0.39086289768825816,Oid,3
326,0.5,20131101,Oid_0p5ngmL,26,4.503410391393912,Oid,33
346,0.5,20131101,Oid_0p5ngmL,4,0.8210818646524758,Oid,6
413,0.5,20131101,Oid_0p5ngmL,4,0.7028274967574579,Oid,5
317,0.5,20131101,Oid_0p5ngmL,10,1.783620965896085,Oid,13
372,0.5,20131101,Oid_0p5ngmL,25,4.2190890363927664,Oid,30
380,0.5,20131101,Oid_0p5ngmL,2,0.4827740901808194,Oid,4
429,0.5,20131101,Oid_0p5ngmL,8,1.3995208667124437,Oid,10
318,0.5,20131101,Oid_0p5ngmL,15,2.52526436255436,Oid,19
362,0.5,20131101,Oid_0p5ngmL,22,3.8540840772106497,Oid,29
303,0.5,20131101,Oid_0p5ngmL,11,2.010003814755474,Oid,14
409,0.5,20131101,Oid_0p5ngmL,2,0.3854489967193103,Oid,3
408,0.5,20131101,Oid_0p5ngmL,2,0.4532143129625392,Oid,3
367,0.5,20131101,Oid_0p5ngmL,21,3.6270359349965666,Oid,27
345,0.5,20131101,Oid_0p5ngmL,6,1.148372625314717,Oid,8
335,0.5,20131101,Oid_0p5ngmL,0,0.13248786144808122,Oid,1
329,0.5,20131101,Oid_0p5ngmL,7,1.2840100709544515,Oid,10
343,0.5,20131101,Oid_0p5ngmL,17,2.947307545586328,Oid,22
349,0.5,20131101,Oid_0p5ngmL,0,0.06899214160372323,Oid,0
371,0.5,20131101,Oid_0p5ngmL,23,3.9422690165560383,Oid,29
405,0.5,20131101,Oid_0p5ngmL,23,3.962053009842068,Oid,30
363,0.5,20131101,Oid_0p5ngmL,16,2.7005619592584096,Oid,20
446,0.5,20131101,Oid_0p5ngmL,0,0.009036392767223612,Oid,0
291,0.5,20131101,Oid_0p5ngmL,9,1.6492042420080877,Oid,12
388,0.5,20131101,Oid_0p5ngmL,7,1.2543993896391243,Oid,9
318,0.5,20131101,Oid_0p5ngmL,19,3.2220063172350653,Oid,25
359,0.5,20131101,Oid_0p5ngmL,41,6.887403921568626,Oid,51
369,0.5,20131101,Oid_0p5ngmL,2,0.3855374990463111,Oid,3
424,0.5,20131101,Oid_0p5ngmL,19,3.2218966964217586,Oid,23
420,0.5,20131101,Oid_0p5ngmL,15,2.5976501106279084,Oid,19
314,0.5,20131101,Oid_0p5ngmL,4,0.7771786068513006,Oid,6
448,0.5,20131101,Oid_0p5ngmL,39,6.7053391317616535,Oid,49
344,0.5,20131101,Oid_0p5ngmL,17,3.0146486610208285,Oid,22
427,0.5,20131101,Oid_0p5ngmL,15,2.5733937590600418,Oid,20
354,0.5,20131101,Oid_0p5ngmL,10,1.7607812619211107,Oid,13
305,0.5,20131101,Oid_0p5ngmL,21,3.538811322194247,Oid,26
369,0.5,20131101,Oid_0p5ngmL,5,0.9409201190203708,Oid,7
387,0.5,20131101,Oid_0p5ngmL,40,6.767179797055006,Oid,50
414,0.5,20131101,Oid_0p5ngmL,27,4.65602807660029,Oid,34
326,0.5,20131101,Oid_0p5ngmL,23,3.867970763714044,Oid,29
312,0.5,20131101,Oid_0p5ngmL,5,0.9897102922102694,Oid,7
387,0.5,20131101,Oid_0p5ngmL,39,6.594500648508432,Oid,48
384,0.5,20131101,Oid_0p5ngmL,6,1.0669535362783245,Oid,7
404,0.5,20131101,Oid_0p5ngmL,34,5.78018133821622,Oid,43
342,0.5,20131101,Oid_0p5ngmL,2,0.37749599450675214,Oid,3
372,0.5,20131101,Oid_0p5ngmL,2,0.4614999618524451,Oid,3
396,0.5,20131101,Oid_0p5ngmL,39,6.585961699855039,Oid,48
340,0.5,20131101,Oid_0p5ngmL,16,2.7165606164644838,Oid,20
300,0.5,20131101,Oid_0p5ngmL,18,3.0400390630960548,Oid,23
261,0.5,20131101,Oid_0p5ngmL,0,0.12680552376592652,Oid,1
304,0.5,20131101,Oid_0p5ngmL,6,1.06258640421149,Oid,8
335,0.5,20131101,Oid_0p5ngmL,33,5.571561211566338,Oid,42
350,0.5,20131101,Oid_0p5ngmL,10,1.7776455329213392,Oid,13
421,0.5,20131101,Oid_0p5ngmL,74,12.556957228961625,Oid,93
344,0.5,20131101,Oid_0p5ngmL,1,0.2605203326466773,Oid,2
397,0.5,20131101,Oid_0p5ngmL,2,0.3591666132600899,Oid,2
396,0.5,20131101,Oid_0p5ngmL,11,1.9842801556420235,Oid,14
377,0.5,20131101,Oid_0p5ngmL,18,3.1414206149385824,Oid,24
374,0.5,20131101,Oid_0p5ngmL,19,3.2217216449225594,Oid,24
308,0.5,20131101,Oid_0p5ngmL,23,3.8982192721446554,Oid,29
354,0.5,20131101,Oid_0p5ngmL,35,5.993923857480736,Oid,45
367,0.5,20131101,Oid_0p5ngmL,15,2.6717712367437243,Oid,19
355,0.5,20131101,Oid_0p5ngmL,0,0.1488548104066529,Oid,1
318,0.5,20131101,Oid_0p5ngmL,21,3.5969115739681077,Oid,27
363,0.5,20131101,Oid_0p5ngmL,39,6.644034485389486,Oid,50
377,0.5,20131101,Oid_0p5ngmL,21,3.6809515526054777,Oid,27
366,0.5,20131101,Oid_0p5ngmL,56,9.533379110399023,Oid,70
311,0.5,20131101,Oid_0p5ngmL,31,5.347444876783398,Oid,40
453,0.5,20131101,Oid_0p5ngmL,29,4.903666742961776,Oid,36
313,0.5,20131101,Oid_0p5ngmL,8,1.3946044098573278,Oid,11
390,0.5,20131101,Oid_0p5ngmL,33,5.545745021744107,Oid,42
348,0.5,20131101,Oid_0p5ngmL,14,2.4791119249256117,Oid,18
410,0.5,20131101,Oid_0p5ngmL,22,3.761959258411536,Oid,28
374,0.5,20131101,Oid_0p5ngmL,12,2.1454642557412065,Oid,16
431,0.5,20131101,Oid_0p5ngmL,14,2.4917891203173874,Oid,18
383,0.5,20131101,Oid_0p5ngmL,29,4.950939192797742,Oid,37
371,0.5,20131101,Oid_0p5ngmL,39,6.648786144808117,Oid,49
362,0.5,20131101,Oid_0p5ngmL,43,7.337201922636758,Oid,54
364,0.5,20131101,Oid_0p5ngmL,0,0.11472037842374302,Oid,1
336,0.5,20131101,Oid_0p5ngmL,21,3.6163607232776367,Oid,26
362,0.5,20131101,Oid_0p5ngmL,11,1.9592370489051656,Oid,15
308,0.5,20131101,Oid_0p5ngmL,22,3.794422766460668,Oid,28
364,0.5,20131101,Oid_0p5ngmL,11,1.8742854352635991,Oid,13
377,0.5,20131101,Oid_0p5ngmL,0,0.004367132066834518,Oid,0
313,0.5,20131101,Oid_0p5ngmL,17,2.959288929579613,Oid,22
368,0.5,20131101,Oid_0p5ngmL,7,1.290914717326619,Oid,9
345,0.5,20131101,Oid_0p5ngmL,10,1.747063401235981,Oid,13
303,0.5,20131101,Oid_0p5ngmL,49,8.26341417563134,Oid,62
415,0.5,20131101,Oid_0p5ngmL,3,0.6541359578850998,Oid,5
312,0.5,20131101,Oid_0p5ngmL,49,8.329042496375983,Oid,62
350,0.5,20131101,Oid_0p5ngmL,21,3.5528740367742424,Oid,26
351,0.5,20131101,Oid_0p5ngmL,31,5.338335240711071,Oid,40
345,0.5,20131101,Oid_0p5ngmL,9,1.5170641641870757,Oid,10
366,0.5,20131101,Oid_0p5ngmL,24,4.133122758831159,Oid,30
336,0.5,20131101,Oid_0p5ngmL,13,2.3404867627985046,Oid,17
342,0.5,20131101,Oid_0p5ngmL,24,4.142493263141832,Oid,31
296,0.5,20131101,Oid_0p5ngmL,4,0.6796124208438237,Oid,5
365,0.5,20131101,Oid_0p5ngmL,2,0.3665591821164264,Oid,3
367,0.5,20131101,Oid_0p5ngmL,24,4.039014267185474,Oid,30
301,0.5,20131101,Oid_0p5ngmL,11,1.9964721141374842,Oid,15
386,0.5,20131101,Oid_0p5ngmL,43,7.365755703059435,Oid,54
291,0.5,20131101,Oid_0p5ngmL,1,0.20679636835278853,Oid,1
296,0.5,20131101,Oid_0p5ngmL,0,0.0,Oid,0
363,0.5,20131101,Oid_0p5ngmL,22,3.7179797055008783,Oid,28
344,0.5,20131101,Oid_0p5ngmL,22,3.7615899900816365,Oid,27
383,0.5,20131101,Oid_0p5ngmL,0,0.0,Oid,0
342,0.5,20131101,Oid_0p5ngmL,25,4.2517555504692135,Oid,33
324,0.5,20131101,Oid_0p5ngmL,6,1.055569695582513,Oid,8
341,0.5,20131101,Oid_0p5ngmL,21,3.5690211337453266,Oid,27
300,0.5,20131101,Oid_0p5ngmL,42,7.1149896696421635,Oid,53
341,0.5,20131101,Oid_0p5ngmL,3,0.5045456626230258,Oid,4
378,0.5,20131101,Oid_0p5ngmL,44,7.4336430914778315,Oid,55
355,0.5,20131101,Oid_0p5ngmL,24,4.037615442130159,Oid,30
312,0.5,20131101,Oid_0p5ngmL,22,3.7354390783550775,Oid,28
382,0.5,20131101,Oid_0p5ngmL,3,0.5548577096208129,Oid,4
317,0.5,20131101,Oid_0p5ngmL,1,0.2654489967193103,Oid,2
352,0.5,20131101,Oid_0p5ngmL,27,4.5530606851300846,Oid,34
298,0.5,20131101,Oid_0p5ngmL,8,1.4783154039826043,Oid,11
346,0.5,20131101,Oid_0p5ngmL,4,0.6922905928130006,Oid,6
356,0.5,20131101,Oid_0p5ngmL,24,4.160320927748531,Oid,31
396,0.5,20131101,Oid_0p5ngmL,26,4.445804531929503,Oid,33
443,0.5,20131101,Oid_0p5ngmL,22,3.737422751201648,Oid,27
335,0.5,20131101,Oid_0p5ngmL,23,3.916676585030898,Oid,29
348,0.5,20131101,Oid_0p5ngmL,29,4.982143892576486,Oid,37
286,0.5,20131101,Oid_0p5ngmL,35,5.943024277103835,Oid,44
401,0.5,20131101,Oid_0p5ngmL,16,2.727069443808652,Oid,20
412,0.5,20131101,Oid_0p5ngmL,10,1.8183657587548636,Oid,13
327,0.5,20131101,Oid_0p5ngmL,15,2.64835584039063,Oid,20
337,0.5,20131101,Oid_0p5ngmL,4,0.8140596627756159,Oid,6
310,0.5,20131101,Oid_0p5ngmL,0,0.03041428244449532,Oid,0
313,0.5,20131101,Oid_0p5ngmL,1,0.18066987106126503,Oid,1
386,0.5,20131101,Oid_0p5ngmL,3,0.6327437857633327,Oid,4
278,0.5,20131101,Oid_0p5ngmL,15,2.630939192797741,Oid,20
350,0.5,20131101,Oid_0p5ngmL,29,5.028485542076753,Oid,37
310,0.5,20131101,Oid_0p5ngmL,23,3.936104371709773,Oid,29
343,0.5,20131101,Oid_0p5ngmL,29,4.944145876249333,Oid,37
336,0.5,20131101,Oid_0p5ngmL,12,2.1261380331120767,Oid,16
321,0.5,20131101,Oid_0p5ngmL,16,2.77736476691844,Oid,20
345,0.5,20131101,Oid_0p5ngmL,9,1.627673762111848,Oid,13
404,0.5,20131101,Oid_0p5ngmL,1,0.3060837720302128,Oid,2
343,0.5,20131101,Oid_0p5ngmL,26,4.426895551995117,Oid,33
333,0.5,20131101,Oid_0p5ngmL,24,4.090348668650338,Oid,30
341,0.5,20131101,Oid_0p5ngmL,34,5.8311109483482095,Oid,43
357,0.5,20131101,Oid_0p5ngmL,19,3.2302784161135256,Oid,24
353,0.5,20131101,Oid_0p5ngmL,23,3.8949660486762796,Oid,29
383,0.5,20131101,Oid_0p5ngmL,14,2.375570305943389,Oid,19
364,0.5,20131101,Oid_0p5ngmL,29,4.961255756466012,Oid,38
354,0.5,20131101,Oid_0p5ngmL,2,0.33774929427023725,Oid,2
316,0.5,20131101,Oid_0p5ngmL,8,1.4657175555046922,Oid,11
325,0.5,20131101,Oid_0p5ngmL,29,4.996566720073243,Oid,37
372,0.5,20131101,Oid_0p5ngmL,0,0.1436240177004654,Oid,2
384,0.5,20131101,Oid_0p5ngmL,19,3.2689402609292744,Oid,24
374,0.5,20131101,Oid_0p5ngmL,33,5.567376211184863,Oid,42
344,0.5,20131101,Oid_0p5ngmL,19,3.2654734111543453,Oid,24
331,0.5,20131101,Oid_0p5ngmL,29,4.949742885481041,Oid,36
301,0.5,20131101,Oid_0p5ngmL,16,2.739934386205844,Oid,20
386,0.5,20131101,Oid_0p5ngmL,38,6.488493171587701,Oid,48
314,0.5,20131101,Oid_0p5ngmL,26,4.4650797283894095,Oid,33
408,0.5,20131101,Oid_0p5ngmL,37,6.269792202639811,Oid,46
398,0.5,20131101,Oid_0p5ngmL,44,7.396697947661557,Oid,54
352,0.5,20131101,Oid_0p5ngmL,34,5.722121858548865,Oid,41
333,0.5,20131101,Oid_0p5ngmL,17,2.953792629892424,Oid,22
299,0.5,20131101,Oid_0p5ngmL,26,4.482334630350193,Oid,33
267,0.5,20131101,Oid_0p5ngmL,10,1.8305088883802547,Oid,14
291,0.5,20131101,Oid_0p5ngmL,15,2.6286320286869618,Oid,20
315,0.5,20131101,Oid_0p5ngmL,3,0.522780193789578,Oid,4
284,0.5,20131101,Oid_0p5ngmL,1,0.21439377431906612,Oid,1
374,0.5,20131101,Oid_0p5ngmL,12,2.112415655756466,Oid,16
380,0.5,20131101,Oid_0p5ngmL,29,4.9911904173342485,Oid,37
396,0.5,20131101,Oid_0p5ngmL,21,3.6220920119020374,Oid,26
299,0.5,20131101,Oid_0p5ngmL,20,3.5021589074540316,Oid,25
291,0.5,20131101,Oid_0p5ngmL,12,2.1130738689250017,Oid,16
289,0.5,20131101,Oid_0p5ngmL,28,4.8269108110170125,Oid,36
357,0.5,20131101,Oid_0p5ngmL,32,5.366610208285651,Oid,39
278,0.5,20131101,Oid_0p5ngmL,7,1.19202099641413,Oid,9
314,0.5,20131101,Oid_0p5ngmL,32,5.377199969481956,Oid,40
327,0.5,20131101,Oid_0p5ngmL,30,5.040766002899215,Oid,38
289,0.5,20131101,Oid_0p5ngmL,19,3.2368144045166702,Oid,25
400,0.5,20131101,Oid_0p5ngmL,12,2.032935072861829,Oid,15
346,0.5,20131101,Oid_0p5ngmL,22,3.8045008010986487,Oid,28
338,0.5,20131101,Oid_0p5ngmL,35,5.9049692530708775,Oid,44
331,0.5,20131101,Oid_0p5ngmL,45,7.607777828641184,Oid,57
331,0.5,20131101,Oid_0p5ngmL,41,6.976330205233845,Oid,53
344,0.5,20131101,Oid_0p5ngmL,0,0.11416189822232398,Oid,0
333,0.5,20131101,Oid_0p5ngmL,20,3.356249332417792,Oid,25
356,0.5,20131101,Oid_0p5ngmL,6,1.1426890669108107,Oid,8
401,0.5,20131101,Oid_0p5ngmL,14,2.474916182192721,Oid,19
308,0.5,20131101,Oid_0p5ngmL,10,1.8171917906462196,Oid,13
377,0.5,20131101,Oid_0p5ngmL,9,1.6269718471046004,Oid,12
341,0.5,20131101,Oid_0p5ngmL,18,3.0955062180514226,Oid,23
328,0.5,20131101,Oid_0p5ngmL,13,2.3392904554818035,Oid,18
306,0.5,20131101,Oid_0p5ngmL,20,3.3953704127565425,Oid,25
357,0.5,20131101,Oid_0p5ngmL,2,0.4508094911116198,Oid,3
272,0.5,20131101,Oid_0p5ngmL,22,3.8373144121461817,Oid,29
393,0.5,20131101,Oid_0p5ngmL,11,1.9404592965590897,Oid,14
360,0.5,20131101,Oid_0p5ngmL,32,5.404513618677042,Oid,40
428,0.5,20131101,Oid_0p5ngmL,11,1.847360952162966,Oid,14
377,0.5,20131101,Oid_0p5ngmL,37,6.338225375753415,Oid,47
392,0.5,20131101,Oid_0p5ngmL,0,0.0,Oid,0
335,0.5,20131101,Oid_0p5ngmL,36,6.143950560769053,Oid,45
329,0.5,20131101,Oid_0p5ngmL,14,2.506047150377661,Oid,19
270,0.5,20131101,Oid_0p5ngmL,0,0.12614023041123062,Oid,0
352,0.5,20131101,Oid_0p5ngmL,5,0.8644815747310598,Oid,6
307,0.5,20131101,Oid_0p5ngmL,41,6.910594338902878,Oid,50
310,0.5,20131101,Oid_0p5ngmL,26,4.450753337911039,Oid,32
333,0.5,20131101,Oid_0p5ngmL,17,2.963024338139925,Oid,21
357,0.5,20131101,Oid_0p5ngmL,45,7.579287403677426,Oid,57
359,0.5,20131101,Oid_0p5ngmL,17,2.85121416037232,Oid,21
426,0.5,20131101,Oid_0p5ngmL,20,3.3898222323949034,Oid,25
426,0.5,20131101,Oid_0p5ngmL,19,3.243079270618754,Oid,23
396,0.5,20131101,Oid_0p5ngmL,23,3.922490272373541,Oid,30
347,0.5,20131101,Oid_0p5ngmL,32,5.37727565423056,Oid,40
325,0.5,20131101,Oid_0p5ngmL,21,3.644687571526665,Oid,26
294,0.5,20131101,Oid_0p5ngmL,14,2.495231555657282,Oid,19
365,0.5,20131101,Oid_0p5ngmL,25,4.27995117112993,Oid,32
351,0.5,20131101,Oid_0p5ngmL,34,5.817611963073166,Oid,43
373,0.5,20131101,Oid_0p5ngmL,9,1.6458350499732968,Oid,13
309,0.5,20131101,Oid_0p5ngmL,1,0.2575295643549248,Oid,2
340,0.5,20131101,Oid_0p5ngmL,12,2.0373968108644243,Oid,15
333,0.5,20131101,Oid_0p5ngmL,42,7.2075196459906925,Oid,53
399,0.5,20131101,Oid_0p5ngmL,28,4.854386205844204,Oid,36
323,0.5,20131101,Oid_0p5ngmL,10,1.7580102235446704,Oid,13
311,0.5,20131101,Oid_0p5ngmL,11,1.947518120088502,Oid,15
321,0.5,20131101,Oid_0p5ngmL,0,0.08983291371023112,Oid,1
387,0.5,20131101,Oid_0p5ngmL,19,3.3441977569237813,Oid,25
351,0.5,20131101,Oid_0p5ngmL,3,0.5837155718318454,Oid,4
303,0.5,20131101,Oid_0p5ngmL,32,5.441229877164874,Oid,40
368,0.5,20131101,Oid_0p5ngmL,8,1.4616128786144809,Oid,11
347,0.5,20131101,Oid_0p5ngmL,18,3.0189303425650413,Oid,22
365,0.5,20131101,Oid_0p5ngmL,7,1.2593362325474935,Oid,9
327,0.5,20131101,Oid_0p5ngmL,19,3.2778432288090333,Oid,25
296,0.5,20131101,Oid_0p5ngmL,3,0.648300907911803,Oid,5
371,0.5,20131101,Oid_0p5ngmL,5,0.9563683527885865,Oid,7
328,0.5,20131101,Oid_0p5ngmL,21,3.601410910200656,Oid,28
339,0.5,20131101,Oid_0p5ngmL,24,4.032358281834135,Oid,30
369,0.5,20131101,Oid_0p5ngmL,20,3.4467414358739608,Oid,27
336,0.5,20131101,Oid_0p5ngmL,18,3.1221576256961923,Oid,23
371,0.5,20131101,Oid_0p5ngmL,50,8.389795132372011,Oid,62
415,0.5,20131101,Oid_0p5ngmL,3,0.6616433966582743,Oid,5
295,0.5,20131101,Oid_0p5ngmL,20,3.4407995727473866,Oid,25
402,0.5,20131101,Oid_0p5ngmL,82,13.899418631265734,Oid,103
337,0.5,20131101,Oid_0p5ngmL,30,5.191435904478522,Oid,39
390,0.5,20131101,Oid_0p5ngmL,25,4.207998779278248,Oid,32
318,0.5,20131101,Oid_0p5ngmL,15,2.6573901579308763,Oid,19
372,0.5,20131101,Oid_0p5ngmL,4,0.7962523842221714,Oid,5
370,0.5,20131101,Oid_0p5ngmL,12,2.0342809185931183,Oid,15
408,0.5,20131101,Oid_0p5ngmL,59,10.00762169832914,Oid,74
374,0.5,20131101,Oid_0p5ngmL,0,0.022189669642175957,Oid,0
374,0.5,20131101,Oid_0p5ngmL,3,0.5117112993057144,Oid,3
361,0.5,20131101,Oid_0p5ngmL,0,0.05870756084534981,Oid,0
364,0.5,20131101,Oid_0p5ngmL,2,0.4694254978255894,Oid,3
415,0.5,20131101,Oid_0p5ngmL,16,2.8022613870450903,Oid,22
340,0.5,20131101,Oid_0p5ngmL,12,2.0257877470054164,Oid,15
271,0.5,20131101,Oid_0p5ngmL,0,0.0,Oid,0
331,0.5,20131101,Oid_0p5ngmL,17,2.985391012436103,Oid,22
312,0.5,20131101,Oid_0p5ngmL,20,3.3573249103532463,Oid,25
340,0.5,20131101,Oid_0p5ngmL,1,0.24494087129015016,Oid,2
302,0.5,20131101,Oid_0p5ngmL,16,2.8418524452582585,Oid,21
337,0.5,20131101,Oid_0p5ngmL,23,3.8620096131837953,Oid,28
333,0.5,20131101,Oid_0p5ngmL,14,2.4211154345006483,Oid,17
295,0.5,20131101,Oid_0p5ngmL,4,0.6922926680399786,Oid,5
322,0.5,20131101,Oid_0p5ngmL,6,1.0102327000839244,Oid,8
394,0.5,20131101,Oid_0p5ngmL,8,1.4591073472190432,Oid,11
302,0.5,20131101,Oid_0p5ngmL,4,0.7741329060807199,Oid,6
335,0.5,20131101,Oid_0p5ngmL,19,3.2454047455558106,Oid,24
391,0.5,20131101,Oid_0p5ngmL,21,3.570336461432822,Oid,26
347,0.5,20131101,Oid_0p5ngmL,12,2.0299412527656977,Oid,14
375,0.5,20131101,Oid_0p5ngmL,74,12.573650720988786,Oid,93
289,0.5,20131101,Oid_0p5ngmL,7,1.1920439459830623,Oid,10
352,0.5,20131101,Oid_0p5ngmL,26,4.5071885252155335,Oid,34
362,0.5,20131101,Oid_0p5ngmL,12,2.163367116807812,Oid,16
322,0.5,20131101,Oid_0p5ngmL,17,2.9154009308003355,Oid,21
388,0.5,20131101,Oid_0p5ngmL,15,2.6734874494544902,Oid,19
326,0.5,20131101,Oid_0p5ngmL,10,1.785574608987564,Oid,14
368,0.5,20131101,Oid_0p5ngmL,18,3.1407461661707483,Oid,23
367,0.5,20131101,Oid_0p5ngmL,3,0.5253009842069124,Oid,3
394,0.5,20131101,Oid_0p5ngmL,6,1.0074402990768294,Oid,7
408,0.5,20131101,Oid_0p5ngmL,48,8.058307774471658,Oid,59
334,0.5,20131101,Oid_0p5ngmL,8,1.487240222781718,Oid,11
382,0.5,20131101,Oid_0p5ngmL,14,2.419518730449378,Oid,18
311,0.5,20131101,Oid_0p5ngmL,18,3.0731201342793923,Oid,23
304,0.5,20131101,Oid_0p5ngmL,18,3.0205630579079883,Oid,22
362,0.5,20131101,Oid_0p5ngmL,40,6.8008391241321435,Oid,51
366,0.5,20131101,Oid_0p5ngmL,20,3.3660151064316777,Oid,24
401,0.5,20131101,Oid_0p5ngmL,1,0.2810925459678034,Oid,3
312,0.5,20131101,Oid_0p5ngmL,48,8.190299046311129,Oid,60
414,0.5,20131101,Oid_0p5ngmL,7,1.182433813992523,Oid,8
403,0.5,20131101,Oid_0p5ngmL,22,3.726054779888608,Oid,28
328,0.5,20131101,Oid_0p5ngmL,16,2.8486884870679785,Oid,21
294,0.5,20131101,Oid_0p5ngmL,4,0.8130525673304341,Oid,6
302,0.5,20131101,Oid_0p5ngmL,20,3.3854612039368264,Oid,25
301,0.5,20131101,Oid_0p5ngmL,8,1.4585275043869683,Oid,11
391,0.5,20131101,Oid_0p5ngmL,29,4.97204852368963,Oid,36
342,0.5,20131101,Oid_0p5ngmL,3,0.6167452506294346,Oid,4
311,0.5,20131101,Oid_0p5ngmL,17,2.9928953994048983,Oid,22
261,0.5,20131101,Oid_0p5ngmL,18,3.025476462958725,Oid,23
373,0.5,20131101,Oid_0p5ngmL,31,5.3183825436789505,Oid,39
315,0.5,20131101,Oid_0p5ngmL,9,1.661689173723964,Oid,12
263,0.5,20131101,Oid_0p5ngmL,16,2.7285206378271134,Oid,20
419,0.5,20131101,Oid_0p5ngmL,47,8.034498573281452,Oid,59
380,0.5,20131101,Oid_0p5ngmL,4,0.8126283665217059,Oid,6
335,0.5,20131101,Oid_0p5ngmL,6,1.0875959411001752,Oid,8
419,0.5,20131101,Oid_0p5ngmL,83,13.940202944991224,Oid,102
319,0.5,20131101,Oid_0p5ngmL,5,0.9747371633478294,Oid,7
367,0.5,20131101,Oid_0p5ngmL,22,3.814978255893797,Oid,28
302,0.5,20131101,Oid_0p5ngmL,5,0.964058899824521,Oid,7
405,0.5,20131101,Oid_0p5ngmL,19,3.3251392385748066,Oid,24
402,0.5,20131101,Oid_0p5ngmL,2,0.3481254291599909,Oid,2
329,0.5,20131101,Oid_0p5ngmL,25,4.314610513466087,Oid,32
312,0.5,20131101,Oid_0p5ngmL,39,6.604824902723736,Oid,48
417,0.5,20131101,Oid_0p5ngmL,0,0.011233691920347936,Oid,0
336,0.5,20131101,Oid_0p5ngmL,58,9.746957442587927,Oid,72
315,0.5,20131101,Oid_0p5ngmL,37,6.312825207904173,Oid,48
286,0.5,20131101,Oid_0p5ngmL,3,0.5229327840085449,Oid,4
365,0.5,20131101,Oid_0p5ngmL,12,2.1757257038223847,Oid,15
382,0.5,20131101,Oid_0p5ngmL,25,4.291441214618144,Oid,31
393,0.5,20131101,Oid_0p5ngmL,4,0.8289311055161362,Oid,6
336,0.5,20131101,Oid_0p5ngmL,5,0.8724162661173419,Oid,7
361,0.5,20131101,Oid_0p5ngmL,12,2.131209277485313,Oid,16
377,0.5,20131101,Oid_0p5ngmL,22,3.828458075837339,Oid,28
367,0.5,20131101,Oid_0p5ngmL,15,2.6139894712748912,Oid,19
277,0.5,20131101,Oid_0p5ngmL,3,0.6235660334172578,Oid,5
332,0.5,20131101,Oid_0p5ngmL,23,3.9802139314869915,Oid,29
374,0.5,20131101,Oid_0p5ngmL,1,0.31049668116273743,Oid,2
370,0.5,20131101,Oid_0p5ngmL,17,2.9551414053559166,Oid,23
335,0.5,20131101,Oid_0p5ngmL,14,2.3918883039597167,Oid,18
299,0.5,20131101,Oid_0p5ngmL,4,0.7011001754787514,Oid,5
330,0.5,20131101,Oid_0p5ngmL,4,0.7818254062714576,Oid,6
282,0.5,20131101